Geneid,Chr,Start,End,Strand,Length,ML-sta1_CTTGTA_L005/bowtie1_mapping_ref/ML-sta1_CTTGTA_L005.sorted.bam,ML-exp1_GCCAAT_L006/bowtie1_mapping_ref/ML-exp1_GCCAAT_L006.sorted.bam
gene0,CU928145.2,203,268,+,66,444,506
gene1,CU928145.2,349,2811,+,2463,17,78
gene2,CU928145.2,2813,3745,+,933,10,32
gene3,CU928145.2,3746,5032,+,1287,16,50
gene4,CU928145.2,5246,5542,+,297,5,31
gene5,CU928145.2,5695,6471,-,777,11,115
gene6,CU928145.2,6541,7971,-,1431,16,158
gene7,CU928145.2,8250,9203,+,954,98,1178
gene8,CU928145.2,9318,9905,+,588,27,93
gene9,CU928145.2,9940,10506,-,567,12,52
gene10,CU928145.2,10655,11368,-,714,1,9
gene11,CU928145.2,11394,11798,-,405,1,2
gene12,CU928145.2,12175,14091,+,1917,620,1988
gene13,CU928145.2,14092,14180,+,89,4,10
gene14,CU928145.2,14180,15310,+,1131,92,272
gene15,CU928145.2,15615,15669,+,55,20,297
gene16,CU928145.2,16152,17318,+,1167,410,230
gene17,CU928145.2,17378,18283,+,906,89,142
gene18,CU928145.2,18322,19281,-,960,7,52
gene19,CU928145.2,19294,20463,-,1170,5,9
gene20,CU928145.2,20872,21993,-,1122,0,16
gene21,CU928145.2,22776,23039,-,264,173,11786
gene22,CU928145.2,23142,23360,+,219,2,9
gene23,CU928145.2,23368,24309,+,942,31,241
gene24,CU928145.2,24352,27168,+,2817,62,399
gene25,CU928145.2,27168,27662,+,495,18,70
gene26,CU928145.2,27750,28199,+,450,5,46
gene27,CU928145.2,28201,29151,+,951,21,58
gene28,CU928145.2,29217,30131,+,915,6,34
gene29,CU928145.2,30298,31119,+,822,58,70
gene30,CU928145.2,31575,32723,+,1149,0,9
gene31,CU928145.2,32741,35962,+,3222,18,16
gene32,CU928145.2,35970,36188,-,219,0,1
gene33,CU928145.2,36223,36618,+,396,1,264
gene34,CU928145.2,36704,37294,-,591,5,64
gene35,CU928145.2,37300,38193,-,894,2,8
gene36,CU928145.2,38194,39762,-,1569,3,31
gene37,CU928145.2,39821,41038,-,1218,0,4
gene38,CU928145.2,41167,42309,-,1143,4,183
gene39,CU928145.2,42340,43854,-,1515,3,3
gene40,CU928145.2,44328,45098,+,771,0,0
gene41,CU928145.2,45113,46054,+,942,0,3
gene42,CU928145.2,46105,47391,+,1287,0,1
gene43,CU928145.2,47388,47675,+,288,0,0
gene44,CU928145.2,47734,49065,+,1332,0,8
gene45,CU928145.2,49173,49703,+,531,49,7
gene46,CU928145.2,49696,51558,+,1863,12,33
gene47,CU928145.2,51750,52229,+,480,59,158
gene48,CU928145.2,52307,53149,-,843,32,33
gene49,CU928145.2,53156,53533,-,378,67,66
gene50,CU928145.2,53536,54357,-,822,162,80
gene51,CU928145.2,54354,55343,-,990,15,93
gene52,CU928145.2,55343,56629,-,1287,181,423
gene53,CU928145.2,56682,59036,-,2355,980,455
gene54,CU928145.2,59291,60106,+,816,9,83
gene55,CU928145.2,60223,60882,-,660,7,36
gene56,CU928145.2,60894,63800,-,2907,26,75
gene57,CU928145.2,63965,66316,-,2352,37,58
gene58,CU928145.2,66391,67086,-,696,0,3
gene59,CU928145.2,67255,68757,-,1503,11,12
gene60,CU928145.2,68768,70468,-,1701,3,3
gene61,CU928145.2,70807,71685,+,879,38,14
gene62,CU928145.2,71771,72535,+,765,46,20
gene63,CU928145.2,72649,73347,-,699,5,13
gene64,CU928145.2,73331,74941,-,1611,2,12
gene65,CU928145.2,74917,75900,-,984,1,9
gene66,CU928145.2,75931,76030,-,100,1,5
gene67,CU928145.2,76064,77719,-,1656,13,21
gene68,CU928145.2,77787,78013,+,227,4747,175
gene69,CU928145.2,78041,79219,+,1179,10,44
gene70,CU928145.2,79268,79873,-,606,13,16
gene71,CU928145.2,79884,81284,-,1401,11,3
gene72,CU928145.2,81287,82378,-,1092,4,7
gene73,CU928145.2,82378,83949,-,1572,9,0
gene74,CU928145.2,83993,84142,-,150,0,0
gene75,CU928145.2,84042,84128,-,87,0,0
gene76,CU928145.2,84788,85732,+,945,5,25
gene77,CU928145.2,86050,87774,+,1725,6,21
gene78,CU928145.2,87777,88268,+,492,7,10
gene79,CU928145.2,88448,89452,+,1005,41,154
gene80,CU928145.2,90054,90512,+,459,145,150
gene81,CU928145.2,90514,91455,+,942,121,243
gene82,CU928145.2,91452,91817,+,366,37,85
gene83,CU928145.2,91833,93599,+,1767,123,707
gene84,CU928145.2,93586,95073,+,1488,19,175
gene85,CU928145.2,95070,96428,+,1359,9,126
gene86,CU928145.2,96422,97504,+,1083,14,102
gene87,CU928145.2,97507,98823,+,1317,17,231
gene88,CU928145.2,98823,100067,+,1245,18,213
gene89,CU928145.2,100064,101131,+,1068,13,107
gene90,CU928145.2,101185,102660,+,1476,11,131
gene91,CU928145.2,102653,103573,+,921,27,143
gene92,CU928145.2,103575,104405,+,831,29,116
gene93,CU928145.2,104402,105664,+,1263,212,266
gene94,CU928145.2,105725,106876,+,1152,60,287
gene95,CU928145.2,106977,107894,+,918,3186,1339
gene96,CU928145.2,108125,108637,+,513,22,278
gene97,CU928145.2,108699,111404,+,2706,138,1481
gene98,CU928145.2,111464,111853,+,390,10,19
gene99,CU928145.2,112160,112903,-,744,11,55
gene100,CU928145.2,112903,113523,-,621,84,125
gene101,CU928145.2,113748,114791,+,1044,11,187
gene102,CU928145.2,114826,116028,-,1203,3,14
gene103,CU928145.2,116018,117403,-,1386,9,11
gene104,CU928145.2,117413,117853,-,441,1,2
gene105,CU928145.2,118056,118949,-,894,13,101
gene106,CU928145.2,119037,119588,+,552,11,53
gene107,CU928145.2,119585,120439,+,855,14,51
gene108,CU928145.2,120482,121855,-,1374,33,71
gene109,CU928145.2,122396,123160,+,765,18,55
gene110,CU928145.2,123001,123161,-,161,0,0
gene111,CU928145.2,123321,125984,+,2664,144,308
gene112,CU928145.2,125999,127891,+,1893,63,222
gene113,CU928145.2,128216,129640,+,1425,106,638
gene114,CU928145.2,129711,131468,-,1758,37,28
gene115,CU928145.2,131823,134420,+,2598,266,755
gene116,CU928145.2,134596,134958,+,363,116,36
gene117,CU928145.2,134996,135790,-,795,5,45
gene118,CU928145.2,135806,136672,-,867,28,54
gene119,CU928145.2,136778,137296,-,519,33,152
gene120,CU928145.2,137291,138841,+,1551,15,17
gene121,CU928145.2,138888,141278,-,2391,128,34
gene122,CU928145.2,141484,142020,+,537,19,132
gene123,CU928145.2,142061,142723,-,663,103,915
gene124,CU928145.2,142832,143758,+,927,14,55
gene125,CU928145.2,143755,144525,+,771,14,62
gene126,CU928145.2,144630,145070,+,441,14,16
gene127,CU928145.2,145134,146363,+,1230,20,66
gene128,CU928145.2,146367,146747,-,381,57,438
gene129,CU928145.2,147021,147923,+,903,1,16
gene130,CU928145.2,147997,148848,-,852,20,75
gene131,CU928145.2,148860,149654,-,795,15,58
gene132,CU928145.2,149767,151041,-,1275,38,107
gene133,CU928145.2,151094,151690,-,597,3,9
gene134,CU928145.2,151717,152319,-,603,1,14
gene135,CU928145.2,152334,152903,-,570,5,33
gene136,CU928145.2,152920,155520,-,2601,23,68
gene137,CU928145.2,155555,156295,-,741,0,9
gene138,CU928145.2,156400,156984,-,585,1,26
gene139,CU928145.2,157354,157833,-,480,0,12
gene140,CU928145.2,157830,159248,-,1419,53,119
gene141,CU928145.2,159287,160213,-,927,15,24
gene142,CU928145.2,160250,160705,-,456,643,4481
gene143,CU928145.2,160883,161587,-,705,834,177
gene144,CU928145.2,161602,162132,-,531,6,43
gene145,CU928145.2,162206,164635,+,2430,33,61
gene146,CU928145.2,164831,167365,+,2535,96,243
gene147,CU928145.2,167585,169828,+,2244,241,215
gene148,CU928145.2,169879,170676,+,798,13,16
gene149,CU928145.2,170676,171566,+,891,5,19
gene150,CU928145.2,171563,173545,+,1983,3,22
gene151,CU928145.2,173580,174860,-,1281,27,197
gene152,CU928145.2,175085,176506,+,1422,931,125
gene153,CU928145.2,176588,176932,+,345,301,565
gene154,CU928145.2,176979,177602,-,624,8,41
gene155,CU928145.2,177640,178440,-,801,5,20
gene156,CU928145.2,178433,179131,-,699,123,218
gene157,CU928145.2,179215,180732,+,1518,22,119
gene158,CU928145.2,180862,182286,+,1425,54,289
gene159,CU928145.2,182441,183598,+,1158,10,57
gene160,CU928145.2,183687,184073,-,387,129,928
gene161,CU928145.2,184388,185212,-,825,27,462
gene162,CU928145.2,185243,187915,-,2673,14,48
gene163,CU928145.2,187977,188771,-,795,470,940
gene164,CU928145.2,188771,188992,-,222,0,6
gene165,CU928145.2,188977,189112,+,136,26,320
gene166,CU928145.2,189139,189864,+,726,120,2916
gene167,CU928145.2,190122,190973,+,852,74,3363
gene168,CU928145.2,191120,191845,+,726,27,57
gene169,CU928145.2,192137,192694,+,558,648,505
gene170,CU928145.2,192786,193982,+,1197,91,87
gene171,CU928145.2,194168,194929,+,762,86,180
gene172,CU928145.2,194942,195799,+,858,54,115
gene173,CU928145.2,195811,197163,+,1353,143,360
gene174,CU928145.2,197193,199625,+,2433,211,769
gene175,CU928145.2,199747,200232,+,486,119,755
gene176,CU928145.2,200236,201261,+,1026,155,524
gene177,CU928145.2,201366,201821,+,456,64,237
gene178,CU928145.2,201825,202613,+,789,56,271
gene179,CU928145.2,202613,203761,+,1149,18,156
gene180,CU928145.2,203758,204354,+,597,1,36
gene181,CU928145.2,204391,207873,+,3483,192,319
gene182,CU928145.2,207886,208845,+,960,59,273
gene183,CU928145.2,208944,211085,+,2142,70,15
gene184,CU928145.2,211142,211531,+,390,19,17
gene185,CU928145.2,211596,212894,+,1299,17,56
gene186,CU928145.2,212943,213197,-,255,129,172
gene187,CU928145.2,213190,213390,-,201,86,203
gene188,CU928145.2,213556,214101,+,546,12,31
gene189,CU928145.2,214098,214520,+,423,16,8
gene190,CU928145.2,214534,215244,+,711,72,36
gene191,CU928145.2,215494,216474,+,981,183,544
gene192,CU928145.2,216678,216989,-,312,8,18
gene193,CU928145.2,216920,217510,-,591,0,16
gene194,CU928145.2,217554,219272,-,1719,88,313
gene195,CU928145.2,219384,220091,-,708,52,29
gene196,CU928145.2,220088,220492,-,405,8,59
gene197,CU928145.2,220610,221425,-,816,34,352
gene198,CU928145.2,221465,222118,-,654,13,35
gene199,CU928145.2,222111,223142,-,1032,7,27
gene200,CU928145.2,223330,223902,+,573,43,115
gene201,CU928145.2,224266,225807,+,1542,292,114
gene202,CU928145.2,225876,225952,+,77,5,705
gene203,CU928145.2,225995,226070,+,76,7,649
gene204,CU928145.2,226254,229157,+,2904,364,202
gene205,CU928145.2,229251,229370,+,120,44,17
gene206,CU928145.2,229475,229750,+,276,2,25
gene207,CU928145.2,229562,229638,+,77,0,0
gene208,CU928145.2,229800,230603,+,804,461,519
gene209,CU928145.2,230653,230722,-,70,28,57
gene210,CU928145.2,230714,231922,+,1209,179,1379
gene211,CU928145.2,231938,232852,-,915,24,72
gene212,CU928145.2,233093,233893,+,801,323,300
gene213,CU928145.2,233971,234741,+,771,120,61
gene214,CU928145.2,234789,236147,-,1359,82,540
gene215,CU928145.2,236219,236974,-,756,13,160
gene216,CU928145.2,237008,237730,+,723,37,157
gene217,CU928145.2,237727,238194,-,468,15,52
gene218,CU928145.2,238259,238990,+,732,134,101
gene219,CU928145.2,239123,239199,+,77,18,45
gene220,CU928145.2,239526,240311,+,786,1,98
gene221,CU928145.2,240653,240777,+,125,0,4
gene222,CU928145.2,240937,241866,-,930,5,71
gene223,CU928145.2,241895,242377,-,483,3,26
gene224,CU928145.2,242401,243843,-,1443,2,10
gene225,CU928145.2,243764,247288,-,3525,5,22
gene226,CU928145.2,247307,248788,-,1482,1,4
gene227,CU928145.2,248727,249470,-,744,0,0
gene228,CU928145.2,249467,252340,-,2874,5,3
gene229,CU928145.2,252235,252996,-,762,0,1
gene230,CU928145.2,253001,254332,-,1332,5,7
gene231,CU928145.2,254335,254859,-,525,0,0
gene232,CU928145.2,254856,256157,-,1302,4,2
gene233,CU928145.2,256161,257249,-,1089,1,3
gene234,CU928145.2,257207,259057,-,1851,7,13
gene235,CU928145.2,259061,259474,-,414,4,9
gene236,CU928145.2,259481,260956,-,1476,2,9
gene237,CU928145.2,261007,261231,-,225,2,0
gene238,CU928145.2,261266,261766,-,501,3,4
gene239,CU928145.2,262193,262336,+,144,0,0
gene240,CU928145.2,262463,262981,+,519,1,6
gene241,CU928145.2,263191,265332,+,2142,2,3
gene242,CU928145.2,265408,267912,+,2505,10,4
gene243,CU928145.2,267746,269071,+,1326,70,29
gene244,CU928145.2,269055,269537,+,483,27,81
gene245,CU928145.2,269718,270464,+,747,5,101
gene246,CU928145.2,270508,270708,+,201,0,7
gene247,CU928145.2,271022,272083,+,1062,26,55
gene248,CU928145.2,272125,272895,-,771,43,69
gene249,CU928145.2,273049,273522,+,474,10,125
gene250,CU928145.2,273565,276009,-,2445,285,23
gene251,CU928145.2,276249,276827,+,579,44,143
gene252,CU928145.2,277033,277800,+,768,10,41
gene253,CU928145.2,277771,278511,-,741,16,88
gene254,CU928145.2,278667,278945,-,279,35,85
gene255,CU928145.2,278948,279208,-,261,127,87
gene256,CU928145.2,279418,280167,+,750,11,24
gene257,CU928145.2,280224,280580,-,357,59,440
gene258,CU928145.2,280573,280872,-,300,167,108
gene259,CU928145.2,280956,282695,-,1740,3,1
gene260,CU928145.2,282535,283425,+,891,1,1
gene261,CU928145.2,283496,284551,+,1056,12,19
gene262,CU928145.2,284548,284934,+,387,10,6
gene263,CU928145.2,284903,286111,-,1209,167,1324
gene264,CU928145.2,286103,286171,+,69,1,7
gene265,CU928145.2,286557,287723,+,1167,3,21
gene266,CU928145.2,287834,288334,+,501,0,16
gene267,CU928145.2,288391,289848,-,1458,86,559
gene268,CU928145.2,290109,290567,+,459,14,67
gene269,CU928145.2,290659,291903,+,1245,30,73
gene270,CU928145.2,291961,292362,+,402,253,1076
gene271,CU928145.2,292401,293456,-,1056,6,42
gene272,CU928145.2,293744,294847,+,1104,25,121
gene273,CU928145.2,294859,296112,+,1254,69,138
gene274,CU928145.2,296227,296302,+,76,55,82
gene275,CU928145.2,296469,297683,+,1215,6,51
gene276,CU928145.2,297806,298609,+,804,13,376
gene277,CU928145.2,298804,299001,+,198,0,3
gene278,CU928145.2,299080,299880,+,801,4,8
gene279,CU928145.2,299873,301459,+,1587,52,541
gene280,CU928145.2,300598,300903,-,306,0,0
gene281,CU928145.2,301452,301817,+,366,1,2
gene282,CU928145.2,301810,302010,+,201,0,0
gene283,CU928145.2,302015,302305,+,291,0,0
gene284,CU928145.2,302302,304434,+,2133,5,8
gene285,CU928145.2,304893,305450,+,558,11,2
gene286,CU928145.2,305447,305734,+,288,5,12
gene287,CU928145.2,305869,307011,+,1143,421,2359
gene288,CU928145.2,307076,307399,+,324,2,33
gene289,CU928145.2,307842,308114,+,273,5,768
gene290,CU928145.2,308196,308741,+,546,7,43
gene291,CU928145.2,309345,310340,+,996,1797,5466
gene292,CU928145.2,310333,311313,+,981,347,4092
gene293,CU928145.2,311773,312183,-,411,0,25
gene294,CU928145.2,312162,313118,-,957,1,1
gene295,CU928145.2,313128,315326,-,2199,27,3
gene296,CU928145.2,315323,316279,-,957,18,1
gene297,CU928145.2,316276,316965,-,690,14,2
gene298,CU928145.2,317383,317997,+,615,6,248
gene299,CU928145.2,318887,319597,-,711,10,11
gene300,CU928145.2,319566,321209,-,1644,14,18
gene301,CU928145.2,321199,323724,-,2526,8,8
gene302,CU928145.2,323750,324418,-,669,9,11
gene303,CU928145.2,324476,325063,-,588,4,27
gene304,CU928145.2,325138,325728,-,591,1,12
gene305,CU928145.2,326503,326730,+,228,43,235
gene306,CU928145.2,326905,327168,-,264,4,228
gene307,CU928145.2,328749,333002,+,4254,8,49
gene308,CU928145.2,333123,334013,-,891,10,78
gene309,CU928145.2,334570,335163,-,594,0,7
gene310,CU928145.2,335175,335411,-,237,0,2
gene311,CU928145.2,335520,336845,-,1326,6,7
gene312,CU928145.2,337071,337925,+,855,2,16
gene313,CU928145.2,338452,339171,+,720,1,45
gene314,CU928145.2,339182,340609,+,1428,0,32
gene315,CU928145.2,340602,341297,+,696,2,19
gene316,CU928145.2,341371,341568,-,198,31,23
gene317,CU928145.2,341543,342208,-,666,1,35
gene318,CU928145.2,342421,344091,-,1671,10,48
gene319,CU928145.2,344105,345577,-,1473,32,27
gene320,CU928145.2,345591,346178,-,588,47,5
gene321,CU928145.2,346307,348340,+,2034,55,15
gene322,CU928145.2,348847,352896,+,4050,18,63
gene323,CU928145.2,353038,354126,+,1089,2,144
gene324,CU928145.2,354168,355100,-,933,11,48
gene325,CU928145.2,355192,355689,-,498,0,1
gene326,CU928145.2,355947,356552,+,606,4,3
gene327,CU928145.2,356592,357455,+,864,0,1
gene328,CU928145.2,357445,358992,+,1548,0,2
gene329,CU928145.2,358992,360410,+,1419,1,3
gene330,CU928145.2,360553,361503,+,951,0,1
gene331,CU928145.2,361513,362895,+,1383,5,6
gene332,CU928145.2,363164,363604,+,441,0,10
gene333,CU928145.2,363855,364841,+,987,18,48
gene334,CU928145.2,364875,366374,+,1500,2,14
gene335,CU928145.2,366367,367338,+,972,2,9
gene336,CU928145.2,367305,368291,+,987,27,10
gene337,CU928145.2,368378,369427,+,1050,144,4
gene338,CU928145.2,369670,370485,+,816,8,5
gene339,CU928145.2,370827,370907,+,81,21,24
gene340,CU928145.2,370897,371142,+,246,4,20
gene341,CU928145.2,371159,371830,-,672,3,5
gene342,CU928145.2,371977,372252,+,276,562,52
gene343,CU928145.2,372353,373939,-,1587,74,7
gene344,CU928145.2,374177,375067,+,891,26,1
gene345,CU928145.2,375112,376281,+,1170,14,1
gene346,CU928145.2,376315,377766,+,1452,5,5
gene347,CU928145.2,377806,379692,+,1887,13,22
gene348,CU928145.2,380155,381135,+,981,183,544
gene349,CU928145.2,381397,382656,+,1260,4,2
gene350,CU928145.2,382646,383929,+,1284,2,18
gene351,CU928145.2,383969,384868,-,900,4,7
gene352,CU928145.2,384978,385637,+,660,2,3
gene353,CU928145.2,385668,386138,+,471,1,0
gene354,CU928145.2,386171,387325,+,1155,6,3
gene355,CU928145.2,387428,388039,-,612,0,6
gene356,CU928145.2,388105,389358,-,1254,13,8
gene357,CU928145.2,389410,392484,-,3075,5,18
gene358,CU928145.2,392607,393689,-,1083,9,17
gene359,CU928145.2,393766,394713,-,948,42,6
gene360,CU928145.2,394790,396454,+,1665,0,2
gene361,CU928145.2,396456,397400,+,945,1,0
gene362,CU928145.2,397403,398284,+,882,0,3
gene363,CU928145.2,398294,399103,+,810,0,1
gene364,CU928145.2,399100,400050,+,951,7,4
gene365,CU928145.2,400047,401060,+,1014,3,0
gene366,CU928145.2,401236,402447,+,1212,3,11
gene367,CU928145.2,402549,403088,+,540,20,161
gene368,CU928145.2,403338,404318,+,981,182,547
gene369,CU928145.2,404593,405426,-,834,15,28
gene370,CU928145.2,405519,406628,-,1110,17,39
gene371,CU928145.2,406663,406938,-,276,1,15
gene372,CU928145.2,407124,407897,-,774,8,9
gene373,CU928145.2,407899,408609,-,711,1,4
gene374,CU928145.2,408458,409654,-,1197,3,3
gene375,CU928145.2,409664,410335,-,672,0,4
gene376,CU928145.2,410951,411913,+,963,0,2
gene377,CU928145.2,411926,412693,+,768,0,7
gene378,CU928145.2,412690,413517,+,828,1,1
gene379,CU928145.2,413514,414365,+,852,0,2
gene380,CU928145.2,414471,415445,-,975,16,89
gene381,CU928145.2,415969,418857,+,2889,58,349
gene382,CU928145.2,418900,419568,+,669,4,30
gene383,CU928145.2,419569,420726,-,1158,20,71
gene384,CU928145.2,420864,421058,+,195,20,79
gene385,CU928145.2,421078,422298,+,1221,8,85
gene386,CU928145.2,422311,423405,+,1095,24,97
gene387,CU928145.2,423464,423772,-,309,115,10
gene388,CU928145.2,423900,424244,+,345,30,48
gene389,CU928145.2,424268,425362,-,1095,32,178
gene390,CU928145.2,425440,425643,+,204,18,2
gene391,CU928145.2,425825,426085,+,261,35,130
gene392,CU928145.2,426117,426488,+,372,4,77
gene393,CU928145.2,426499,427002,-,504,23,182
gene394,CU928145.2,426921,427196,-,276,179,1372
gene395,CU928145.2,427431,428378,+,948,0,10
gene396,CU928145.2,428497,428817,+,321,432,17
gene397,CU928145.2,428919,430034,+,1116,34,6
gene398,CU928145.2,430051,430860,-,810,634,53
gene399,CU928145.2,430980,431438,+,459,15,72
gene400,CU928145.2,431621,432145,+,525,13,114
gene401,CU928145.2,432195,432386,+,192,4222,129
gene402,CU928145.2,432644,433321,+,678,85,78
gene403,CU928145.2,433393,433677,+,285,49,2219
gene404,CU928145.2,433938,434300,+,363,2,12
gene405,CU928145.2,434378,435289,-,912,26,109
gene406,CU928145.2,435414,436322,+,909,29,16
gene407,CU928145.2,436465,437649,-,1185,25,39
gene408,CU928145.2,437775,440918,-,3144,18,55
gene409,CU928145.2,440915,442117,-,1203,4,33
gene410,CU928145.2,442307,442996,+,690,9,19
gene411,CU928145.2,443054,444349,+,1296,15,40
gene412,CU928145.2,444360,444470,-,111,1,18
gene413,CU928145.2,444756,446075,+,1320,254,178
gene414,CU928145.2,446151,447524,+,1374,33,62
gene415,CU928145.2,447680,449497,+,1818,15,14
gene416,CU928145.2,449502,450083,-,582,25,8
gene417,CU928145.2,450176,451246,+,1071,10,43
gene418,CU928145.2,451302,452429,+,1128,17,298
gene419,CU928145.2,452452,452784,+,333,52,1206
gene420,CU928145.2,452812,454659,+,1848,53,858
gene421,CU928145.2,454670,455641,+,972,48,551
gene422,CU928145.2,455770,456117,+,348,47,487
gene423,CU928145.2,456294,457178,-,885,24,2120
gene424,CU928145.2,457477,457899,-,423,71,23
gene425,CU928145.2,457903,458076,-,174,7,8
gene426,CU928145.2,458167,458616,+,450,23,43
gene427,CU928145.2,458620,459723,+,1104,29,104
gene428,CU928145.2,459812,460282,+,471,19,68
gene429,CU928145.2,460302,460721,+,420,13,117
gene430,CU928145.2,460799,461776,+,978,4,28
gene431,CU928145.2,461754,462272,+,519,41,10
gene432,CU928145.2,462326,463300,-,975,237,26
gene433,CU928145.2,463355,465217,-,1863,17,163
gene434,CU928145.2,465242,466141,-,900,28,58
gene435,CU928145.2,466141,466383,-,243,13,20
gene436,CU928145.2,466589,468037,+,1449,15,66
gene437,CU928145.2,468091,468681,-,591,8,13
gene438,CU928145.2,468644,469555,-,912,65,51
gene439,CU928145.2,469723,470214,+,492,93,2873
gene440,CU928145.2,470342,471706,-,1365,7,117
gene441,CU928145.2,472054,473049,+,996,23,16
gene442,CU928145.2,473105,473647,-,543,9,26
gene443,CU928145.2,473631,474008,-,378,13,22
gene444,CU928145.2,474127,475017,-,891,89,516
gene445,CU928145.2,475029,475358,-,330,17,132
gene446,CU928145.2,475358,475972,-,615,32,222
gene447,CU928145.2,475962,477953,-,1992,123,439
gene448,CU928145.2,477975,478922,-,948,246,370
gene449,CU928145.2,479382,480857,-,1476,4,162
gene450,CU928145.2,480901,481479,-,579,9,179
gene451,CU928145.2,481784,482101,+,318,5111,1214
gene452,CU928145.2,482445,483743,+,1299,120,1758
gene453,CU928145.2,483989,484612,+,624,341,627
gene454,CU928145.2,484738,486012,+,1275,765,1296
gene455,CU928145.2,486037,486192,-,156,7,5
gene456,CU928145.2,486200,488554,+,2355,192,1430
gene457,CU928145.2,488763,489035,+,273,42,860
gene458,CU928145.2,489227,491098,+,1872,115,879
gene459,CU928145.2,491249,491620,+,372,4,48
gene460,CU928145.2,491714,492112,+,399,13,19
gene461,CU928145.2,492164,492859,-,696,16,54
gene462,CU928145.2,492924,494624,-,1701,19,25
gene463,CU928145.2,494724,495542,+,819,27,38
gene464,CU928145.2,495467,496153,+,687,17,40
gene465,CU928145.2,496183,497955,+,1773,10,87
gene466,CU928145.2,497948,499729,+,1782,4,92
gene467,CU928145.2,499910,500248,+,339,0,0
gene468,CU928145.2,500278,501564,+,1287,12,18
gene469,CU928145.2,501613,502473,-,861,97,41
gene470,CU928145.2,502691,503263,+,573,1234,62
gene471,CU928145.2,503294,503683,-,390,16,7
gene472,CU928145.2,503737,503874,+,138,1381,200
gene473,CU928145.2,503984,504337,+,354,162,23
gene474,CU928145.2,504379,505929,-,1551,132,111
gene475,CU928145.2,506093,506563,-,471,33,76
gene476,CU928145.2,506679,507230,-,552,7,462
gene477,CU928145.2,507401,507865,-,465,51,1554
gene478,CU928145.2,507645,508019,-,375,147,573
gene479,CU928145.2,508565,511714,-,3150,83,664
gene480,CU928145.2,511737,512930,-,1194,37,382
gene481,CU928145.2,513072,513719,+,648,54,421
gene482,CU928145.2,513847,517209,+,3363,53,340
gene483,CU928145.2,517421,517582,-,162,0,10
gene484,CU928145.2,517596,518123,-,528,4,24
gene485,CU928145.2,518193,518570,+,378,22,16
gene486,CU928145.2,518723,519274,+,552,3,48
gene487,CU928145.2,519403,521334,+,1932,34,159
gene488,CU928145.2,521387,521716,+,330,51,90
gene489,CU928145.2,521716,522321,+,606,15,77
gene490,CU928145.2,522431,524305,+,1875,164,1168
gene491,CU928145.2,524486,525130,+,645,5,149
gene492,CU928145.2,525366,526328,+,963,53,26
gene493,CU928145.2,526325,527284,-,960,17,26
gene494,CU928145.2,527436,528740,+,1305,22,103
gene495,CU928145.2,528873,530549,-,1677,64,223
gene496,CU928145.2,530787,532007,-,1221,16,52
gene497,CU928145.2,532225,533877,+,1653,36,78
gene498,CU928145.2,533716,533829,-,114,0,0
gene499,CU928145.2,533914,534393,-,480,9,38
gene500,CU928145.2,534516,534598,+,83,15,3
gene501,CU928145.2,534597,535391,-,795,4,52
gene502,CU928145.2,535529,535870,+,342,63,419
gene503,CU928145.2,535984,538488,-,2505,119,47
gene504,CU928145.2,538750,539682,+,933,211,1
gene505,CU928145.2,539685,540977,+,1293,136,8
gene506,CU928145.2,541102,541509,+,408,34,25
gene507,CU928145.2,541510,541965,-,456,36,12
gene508,CU928145.2,541965,542882,-,918,146,46
gene509,CU928145.2,543028,543705,+,678,17,94
gene510,CU928145.2,543692,544471,+,780,14,82
gene511,CU928145.2,544534,545388,-,855,60,158
gene512,CU928145.2,545449,546258,-,810,14,48
gene513,CU928145.2,546248,546874,-,627,32,49
gene514,CU928145.2,546842,547528,+,687,6,7
gene515,CU928145.2,547525,549939,+,2415,15,29
gene516,CU928145.2,550369,554637,+,4269,169,300
gene517,CU928145.2,554671,554946,+,276,77,1181
gene518,CU928145.2,554865,555368,+,504,25,190
gene519,CU928145.2,555475,555843,+,369,0,1
gene520,CU928145.2,555843,556553,+,711,2,2
gene521,CU928145.2,556534,557025,+,492,2,6
gene522,CU928145.2,557310,557525,-,216,0,1
gene523,CU928145.2,557512,557946,-,435,1,12
gene524,CU928145.2,558026,559120,-,1095,5,30
gene525,CU928145.2,559189,560115,-,927,5,11
gene526,CU928145.2,560345,560827,+,483,4,10
gene527,CU928145.2,560905,561720,+,816,5941,154
gene528,CU928145.2,561810,563591,+,1782,3,0
gene529,CU928145.2,563604,564380,+,777,0,0
gene530,CU928145.2,564480,565358,+,879,0,0
gene531,CU928145.2,565527,566981,+,1455,0,1
gene532,CU928145.2,567041,568402,+,1362,28,9
gene533,CU928145.2,568459,569760,+,1302,9,5
gene534,CU928145.2,569782,570927,+,1146,6,6
gene535,CU928145.2,571056,571841,-,786,32,43
gene536,CU928145.2,571852,573087,-,1236,4,14
gene537,CU928145.2,573109,574158,-,1050,0,3
gene538,CU928145.2,574475,576142,+,1668,2,0
gene539,CU928145.2,576152,577411,+,1260,0,1
gene540,CU928145.2,577422,578237,+,816,0,0
gene541,CU928145.2,578234,579127,+,894,1,2
gene542,CU928145.2,579322,580389,-,1068,0,10
gene543,CU928145.2,580386,580895,-,510,3,4
gene544,CU928145.2,581013,581735,-,723,3,37
gene545,CU928145.2,581738,582232,-,495,307,6994
gene546,CU928145.2,582406,583791,+,1386,37,140
gene547,CU928145.2,583827,584348,-,522,0,8
gene548,CU928145.2,584456,584668,-,213,7,92
gene549,CU928145.2,584670,585536,-,867,7,80
gene550,CU928145.2,586017,586559,+,543,0,11
gene551,CU928145.2,586779,587471,+,693,0,12
gene552,CU928145.2,587502,590111,+,2610,0,3
gene553,CU928145.2,590154,591131,+,978,0,3
gene554,CU928145.2,591142,591657,+,516,0,1
gene555,CU928145.2,591660,592292,-,633,1,2
gene556,CU928145.2,592535,592611,+,77,2,0
gene557,CU928145.2,592541,592663,-,123,0,0
gene558,CU928145.2,592657,593418,-,762,1,68
gene559,CU928145.2,593601,594491,-,891,11,15
gene560,CU928145.2,594492,597464,-,2973,12,25
gene561,CU928145.2,597451,599688,-,2238,23,50
gene562,CU928145.2,599957,601093,-,1137,39,50
gene563,CU928145.2,601197,601508,-,312,5,10
gene564,CU928145.2,601623,601874,-,252,24,128
gene565,CU928145.2,601871,606733,-,4863,77,168
gene566,CU928145.2,606753,607214,-,462,0,0
gene567,CU928145.2,607242,609143,-,1902,2,6
gene568,CU928145.2,609880,611340,-,1461,5,7
gene569,CU928145.2,611318,612001,-,684,11,13
gene570,CU928145.2,612158,613540,+,1383,3,2
gene571,CU928145.2,613564,613896,+,333,0,0
gene572,CU928145.2,613912,615135,+,1224,0,2
gene573,CU928145.2,615147,618290,+,3144,5,10
gene574,CU928145.2,618392,619768,+,1377,5,94
gene575,CU928145.2,619836,621083,-,1248,9,246
gene576,CU928145.2,621191,621844,-,654,18,341
gene577,CU928145.2,621938,622306,-,369,7,63
gene578,CU928145.2,622371,622619,-,249,17,49
gene579,CU928145.2,622685,623803,-,1119,249,8
gene580,CU928145.2,624245,624397,+,153,24,105
gene581,CU928145.2,625022,625651,-,630,21,12
gene582,CU928145.2,625817,628057,-,2241,8,4
gene583,CU928145.2,628378,629502,+,1125,86,8
gene584,CU928145.2,629505,629723,+,219,8,2
gene585,CU928145.2,629720,633601,+,3882,212,23
gene586,CU928145.2,633817,634950,+,1134,2,3
gene587,CU928145.2,634947,635762,-,816,2,2
gene588,CU928145.2,635759,636751,-,993,5,4
gene589,CU928145.2,636748,637752,-,1005,20,27
gene590,CU928145.2,637863,639113,+,1251,5,4
gene591,CU928145.2,639117,640073,-,957,32,16
gene592,CU928145.2,640448,641623,+,1176,9,4
gene593,CU928145.2,641633,643243,+,1611,25,6
gene594,CU928145.2,643257,644114,+,858,7,1
gene595,CU928145.2,644114,644860,+,747,11,1
gene596,CU928145.2,644863,645276,+,414,3,1
gene597,CU928145.2,645457,647562,+,2106,793,231
gene598,CU928145.2,647744,647941,+,198,46,18
gene599,CU928145.2,647951,649039,-,1089,36,19
gene600,CU928145.2,649148,650308,+,1161,4,8
gene601,CU928145.2,650309,650938,-,630,1,19
gene602,CU928145.2,650911,652131,-,1221,2,14
gene603,CU928145.2,652278,653180,-,903,11,21
gene604,CU928145.2,653389,654135,-,747,28,43
gene605,CU928145.2,654507,655070,+,564,622,2195
gene606,CU928145.2,655199,656764,+,1566,101,246
gene607,CU928145.2,656885,657313,-,429,104,325
gene608,CU928145.2,657534,658772,+,1239,82,9
gene609,CU928145.2,659003,659413,-,411,28,279
gene610,CU928145.2,659643,660449,-,807,66,261
gene611,CU928145.2,660563,662026,-,1464,5,24
gene612,CU928145.2,662077,662955,-,879,1,3
gene613,CU928145.2,662930,663481,-,552,0,2
gene614,CU928145.2,663485,665017,-,1533,0,2
gene615,CU928145.2,665028,665936,-,909,0,0
gene616,CU928145.2,665933,666229,-,297,0,0
gene617,CU928145.2,666244,667302,-,1059,1,22
gene618,CU928145.2,667682,669340,+,1659,7,26
gene619,CU928145.2,669309,669989,+,681,1,38
gene620,CU928145.2,670030,671415,-,1386,7,187
gene621,CU928145.2,672004,672564,+,561,113,27
gene622,CU928145.2,672739,672948,+,210,127910,60279
gene623,CU928145.2,673002,673385,-,384,10,43
gene624,CU928145.2,673703,674266,+,564,52,4
gene625,CU928145.2,674395,674598,+,204,38,459
gene626,CU928145.2,674699,675664,-,966,77,336
gene627,CU928145.2,675873,676826,-,954,9,60
gene628,CU928145.2,677085,677726,-,642,10,105
gene629,CU928145.2,677827,678090,-,264,116,973
gene630,CU928145.2,678201,679412,-,1212,26,281
gene631,CU928145.2,679551,680639,-,1089,39,101
gene632,CU928145.2,680650,681762,-,1113,10,63
gene633,CU928145.2,681765,683666,-,1902,9,214
gene634,CU928145.2,683697,684164,-,468,11,61
gene635,CU928145.2,684168,684485,-,318,35,125
gene636,CU928145.2,684746,685357,-,612,8,17
gene637,CU928145.2,685381,686022,-,642,7,25
gene638,CU928145.2,686024,687055,-,1032,41,70
gene639,CU928145.2,687055,687636,-,582,56,167
gene640,CU928145.2,687651,690233,-,2583,271,437
gene641,CU928145.2,690468,690950,+,483,260,44
gene642,CU928145.2,691020,691997,-,978,84,12
gene643,CU928145.2,692161,692868,+,708,0,2
gene644,CU928145.2,692865,694292,+,1428,3,9
gene645,CU928145.2,694302,694856,-,555,1,0
gene646,CU928145.2,694957,695664,+,708,1,6
gene647,CU928145.2,695661,697112,+,1452,4,39
gene648,CU928145.2,697172,698824,-,1653,6,35
gene649,CU928145.2,698815,698884,-,70,0,0
gene650,CU928145.2,698876,700084,+,1209,176,1375
gene651,CU928145.2,700094,700180,-,87,8,7
gene652,CU928145.2,700264,701199,-,936,99,93
gene653,CU928145.2,701317,702042,-,726,10,165
gene654,CU928145.2,702042,702716,-,675,6,15
gene655,CU928145.2,702716,703456,-,741,23,22
gene656,CU928145.2,703468,703625,-,158,2168,73
gene657,CU928145.2,703626,704534,-,909,914,138
gene658,CU928145.2,704989,706065,+,1077,2,18
gene659,CU928145.2,706080,706865,+,786,0,31
gene660,CU928145.2,706943,708481,-,1539,16,74
gene661,CU928145.2,708506,709384,-,879,154,129
gene662,CU928145.2,709474,709941,-,468,59,27
gene663,CU928145.2,709938,711017,-,1080,209,89
gene664,CU928145.2,711131,712555,-,1425,68,137
gene665,CU928145.2,712701,713876,+,1176,159,26
gene666,CU928145.2,714030,714104,-,75,15,49
gene667,CU928145.2,714142,714216,-,75,12,116
gene668,CU928145.2,714265,714341,-,77,1,64
gene669,CU928145.2,714357,714431,-,75,5,399
gene670,CU928145.2,714466,714540,-,75,13,615
gene671,CU928145.2,714564,714648,-,85,8,688
gene672,CU928145.2,714657,714733,-,77,11,38
gene673,CU928145.2,715114,716778,-,1665,5,58
gene674,CU928145.2,717035,717787,-,753,49,113
gene675,CU928145.2,717835,719055,-,1221,70,55
gene676,CU928145.2,719064,720212,-,1149,79,76
gene677,CU928145.2,720272,721072,-,801,40,87
gene678,CU928145.2,721405,723351,+,1947,58,205
gene679,CU928145.2,723554,725218,+,1665,30,189
gene680,CU928145.2,725664,727070,+,1407,4,56
gene681,CU928145.2,727120,727446,+,327,5,14
gene682,CU928145.2,727530,727976,-,447,348,3169
gene683,CU928145.2,728021,728275,+,255,278,200
gene684,CU928145.2,728265,728795,-,531,131,639
gene685,CU928145.2,728935,729228,-,294,2,24
gene686,CU928145.2,729368,730132,-,765,15,39
gene687,CU928145.2,730317,730862,+,546,32,405
gene688,CU928145.2,730888,732528,+,1641,53,287
gene689,CU928145.2,732584,733903,-,1320,59,39
gene690,CU928145.2,733900,736098,-,2199,2,23
gene691,CU928145.2,736788,737465,-,678,23,13
gene692,CU928145.2,737462,740146,-,2685,34,17
gene693,CU928145.2,740139,740711,-,573,1,5
gene694,CU928145.2,740720,742768,-,2049,0,1
gene695,CU928145.2,742791,744464,-,1674,3,1
gene696,CU928145.2,744866,745072,+,207,131,159
gene697,CU928145.2,745315,749508,+,4194,93,148
gene698,CU928145.2,749508,749834,+,327,0,2
gene699,CU928145.2,749952,751385,+,1434,54,55
gene700,CU928145.2,751382,751951,+,570,17,14
gene701,CU928145.2,752177,752431,+,255,2,4
gene702,CU928145.2,752632,753318,+,687,9,18
gene703,CU928145.2,753466,753975,+,510,20,15
gene704,CU928145.2,753972,755390,+,1419,22,8
gene705,CU928145.2,755432,756913,-,1482,8,7
gene706,CU928145.2,757184,757927,+,744,41,45
gene707,CU928145.2,757950,758606,+,657,19,24
gene708,CU928145.2,758600,759532,+,933,19,31
gene709,CU928145.2,759522,760256,+,735,3,24
gene710,CU928145.2,760292,761083,+,792,3,32
gene711,CU928145.2,761080,762126,-,1047,2,108
gene712,CU928145.2,762278,763339,-,1062,10,46
gene713,CU928145.2,763336,764091,-,756,1,4
gene714,CU928145.2,764082,766583,-,2502,1,7
gene715,CU928145.2,766592,767158,-,567,0,8
gene716,CU928145.2,767548,768831,-,1284,298,765
gene717,CU928145.2,769037,769195,-,159,328,7
gene718,CU928145.2,769540,769929,+,390,103,34
gene719,CU928145.2,769923,770270,+,348,25,17
gene720,CU928145.2,770270,772036,+,1767,76,303
gene721,CU928145.2,772052,772768,+,717,29,193
gene722,CU928145.2,772969,775770,+,2802,186,1102
gene723,CU928145.2,775785,777002,+,1218,180,378
gene724,CU928145.2,777096,778262,+,1167,54,316
gene725,CU928145.2,778262,779131,+,870,38,348
gene726,CU928145.2,779132,779232,+,101,5,17
gene727,CU928145.2,779235,779957,-,723,32,39
gene728,CU928145.2,780066,782042,+,1977,1,2
gene729,CU928145.2,782060,784693,+,2634,12,34
gene730,CU928145.2,784718,784945,+,228,6,23
gene731,CU928145.2,785540,787108,+,1569,82,1524
gene732,CU928145.2,787124,788263,+,1140,55,588
gene733,CU928145.2,788391,788684,+,294,31,97
gene734,CU928145.2,788834,789238,+,405,17,131
gene735,CU928145.2,789235,789927,+,693,13,128
gene736,CU928145.2,789931,790359,+,429,1,79
gene737,CU928145.2,790424,791689,+,1266,65,338
gene738,CU928145.2,791822,793114,+,1293,201,583
gene739,CU928145.2,793149,793670,+,522,115,1777
gene740,CU928145.2,793680,794471,+,792,757,870
gene741,CU928145.2,794636,794711,+,76,22,459
gene742,CU928145.2,794747,794822,+,76,0,129
gene743,CU928145.2,794825,794900,+,76,9,344
gene744,CU928145.2,795050,795125,+,76,13,294
gene745,CU928145.2,795129,795204,+,76,3,108
gene746,CU928145.2,795351,795426,+,76,4,177
gene747,CU928145.2,795460,795535,+,76,2,93
gene748,CU928145.2,795940,796983,+,1044,9,42
gene749,CU928145.2,797021,797740,+,720,66,28
gene750,CU928145.2,797737,798678,-,942,54,35
gene751,CU928145.2,798792,799172,-,381,3076,44
gene752,CU928145.2,799488,800540,+,1053,67,159
gene753,CU928145.2,800698,801450,-,753,1707,1058
gene754,CU928145.2,801655,802695,-,1041,39,273
gene755,CU928145.2,802689,803837,-,1149,57,151
gene756,CU928145.2,803841,804887,-,1047,15,98
gene757,CU928145.2,804897,805913,-,1017,36,472
gene758,CU928145.2,806174,807646,-,1473,22,239
gene759,CU928145.2,807574,807720,-,147,0,0
gene760,CU928145.2,807714,808502,-,789,10,46
gene761,CU928145.2,808631,808780,+,150,912,693
gene762,CU928145.2,808947,809720,+,774,6,225
gene763,CU928145.2,809720,810409,+,690,2,58
gene764,CU928145.2,810412,811470,+,1059,4,98
gene765,CU928145.2,811471,812289,-,819,8,39
gene766,CU928145.2,812444,813439,+,996,154,106
gene767,CU928145.2,813480,814196,-,717,11,21
gene768,CU928145.2,814238,814513,+,276,117,1258
gene769,CU928145.2,814432,814935,+,504,25,190
gene770,CU928145.2,814968,815621,+,654,1,0
gene771,CU928145.2,815697,817130,+,1434,8,7
gene772,CU928145.2,817313,819574,+,2262,8,18
gene773,CU928145.2,819808,821091,-,1284,7,85
gene774,CU928145.2,821226,822296,-,1071,22,96
gene775,CU928145.2,822920,823123,+,204,0,18
gene776,CU928145.2,823755,823976,-,222,5,8
gene777,CU928145.2,824075,824386,-,312,1,7
gene778,CU928145.2,824367,824558,-,192,1,1
gene779,CU928145.2,824710,825390,-,681,2,2
gene780,CU928145.2,825387,826172,-,786,3,7
gene781,CU928145.2,826178,826474,-,297,5,2
gene782,CU928145.2,826550,826840,-,291,0,3
gene783,CU928145.2,827354,828109,-,756,33,188
gene784,CU928145.2,828148,828378,+,231,30,54
gene785,CU928145.2,828448,828987,+,540,1,8
gene786,CU928145.2,828984,830003,+,1020,2,12
gene787,CU928145.2,830000,830701,+,702,0,2
gene788,CU928145.2,830698,831000,+,303,0,7
gene789,CU928145.2,831068,831400,+,333,5,255
gene790,CU928145.2,831656,833182,+,1527,19,31
gene791,CU928145.2,833179,833355,+,177,0,1
gene792,CU928145.2,833294,833533,+,240,1,2
gene793,CU928145.2,833852,834361,+,510,17,88
gene794,CU928145.2,834556,835011,+,456,3,5
gene795,CU928145.2,835011,835181,+,171,0,2
gene796,CU928145.2,835174,835464,+,291,0,0
gene797,CU928145.2,835595,835822,+,228,0,0
gene798,CU928145.2,836045,836428,+,384,5,24
gene799,CU928145.2,836617,837699,-,1083,43,144035
gene800,CU928145.2,838288,838503,+,216,2,37
gene801,CU928145.2,838503,839000,+,498,2,10
gene802,CU928145.2,838985,839434,+,450,10,46
gene803,CU928145.2,839640,840161,+,522,2,9
gene804,CU928145.2,840511,840936,-,426,15,284
gene805,CU928145.2,840978,841211,-,234,1,25
gene806,CU928145.2,841600,842145,+,546,1,3
gene807,CU928145.2,842120,843781,+,1662,6,5
gene808,CU928145.2,843826,844044,+,219,0,0
gene809,CU928145.2,844041,844247,+,207,0,0
gene810,CU928145.2,844244,845845,+,1602,3,8
gene811,CU928145.2,845691,847145,+,1455,3,1
gene812,CU928145.2,847149,847487,+,339,0,2
gene813,CU928145.2,847516,848568,+,1053,1,4
gene814,CU928145.2,848571,849005,+,435,2,1
gene815,CU928145.2,849017,849370,+,354,1,1
gene816,CU928145.2,849382,849960,+,579,4,0
gene817,CU928145.2,849957,850352,+,396,0,0
gene818,CU928145.2,850330,851100,+,771,1,2
gene819,CU928145.2,851116,851538,+,423,0,3
gene820,CU928145.2,851520,851954,+,435,1,0
gene821,CU928145.2,851947,854508,+,2562,5,2
gene822,CU928145.2,854505,854834,+,330,3,1
gene823,CU928145.2,854834,855532,+,699,0,2
gene824,CU928145.2,855538,856281,+,744,2,0
gene825,CU928145.2,856179,856850,+,672,3,0
gene826,CU928145.2,856911,860408,+,3498,21,24
gene827,CU928145.2,860479,861078,+,600,2,2
gene828,CU928145.2,861137,864217,+,3081,12,30
gene829,CU928145.2,864217,864801,+,585,7,41
gene830,CU928145.2,864875,866206,-,1332,124,538
gene831,CU928145.2,866103,866297,+,195,1,8
gene832,CU928145.2,866562,866735,+,174,125,31
gene833,CU928145.2,866952,867428,-,477,79,85
gene834,CU928145.2,867487,868776,-,1290,5,11
gene835,CU928145.2,868863,869903,+,1041,1,4
gene836,CU928145.2,869900,871054,+,1155,0,3
gene837,CU928145.2,871041,871796,+,756,1,2
gene838,CU928145.2,871789,872466,+,678,1,4
gene839,CU928145.2,873045,875066,+,2022,110,89
gene840,CU928145.2,875258,876166,-,909,45,152
gene841,CU928145.2,876563,877552,+,990,210,657
gene842,CU928145.2,877574,878086,+,513,4,90
gene843,CU928145.2,878089,878574,+,486,1,64
gene844,CU928145.2,878567,878812,+,246,1,19
gene845,CU928145.2,878814,879266,+,453,7,43
gene846,CU928145.2,879403,880107,+,705,472,243
gene847,CU928145.2,880252,880956,+,705,4,31
gene848,CU928145.2,881026,881739,+,714,1,7
gene849,CU928145.2,881775,882731,-,957,26,2
gene850,CU928145.2,882731,883972,-,1242,28,1
gene851,CU928145.2,883969,884730,-,762,63,0
gene852,CU928145.2,884863,885273,+,411,137,223
gene853,CU928145.2,885235,886341,-,1107,6,34
gene854,CU928145.2,886352,887485,-,1134,9,26
gene855,CU928145.2,887478,889214,-,1737,13,24
gene856,CU928145.2,889207,890205,-,999,7,14
gene857,CU928145.2,890205,890876,-,672,20,19
gene858,CU928145.2,891105,892469,+,1365,16,49
gene859,CU928145.2,892701,893183,-,483,5,17
gene860,CU928145.2,893303,895453,+,2151,9,51
gene861,CU928145.2,895481,896443,+,963,40,56
gene862,CU928145.2,896584,897669,+,1086,26,11
gene863,CU928145.2,897898,898158,-,261,21,30
gene864,CU928145.2,898423,898689,-,267,102,9
gene865,CU928145.2,898763,899440,-,678,6,2
gene866,CU928145.2,899482,901764,-,2283,10,10
gene867,CU928145.2,902029,902433,-,405,180,5
gene868,CU928145.2,902565,903491,+,927,0,5
gene869,CU928145.2,903488,905713,-,2226,98,10
gene870,CU928145.2,905830,906552,-,723,12,229
gene871,CU928145.2,906549,907208,-,660,8,214
gene872,CU928145.2,907347,908093,-,747,88,670
gene873,CU928145.2,908497,909000,-,504,8104,1056
gene874,CU928145.2,909299,910186,-,888,11,25
gene875,CU928145.2,910539,911054,+,516,3522,4336
gene876,CU928145.2,911103,912686,-,1584,11,85
gene877,CU928145.2,913041,913129,-,89,2225,84
gene878,CU928145.2,913272,913739,+,468,75,28
gene879,CU928145.2,913736,914854,+,1119,7,17
gene880,CU928145.2,914913,915833,-,921,162,114
gene881,CU928145.2,916052,917644,+,1593,36,91
gene882,CU928145.2,917923,918903,+,981,183,544
gene883,CU928145.2,919159,920424,-,1266,31,39
gene884,CU928145.2,920576,921391,-,816,14,75
gene885,CU928145.2,921537,923969,-,2433,6,13
gene886,CU928145.2,923975,924901,-,927,1,2
gene887,CU928145.2,925005,925667,+,663,7,3
gene888,CU928145.2,925755,926504,-,750,11,29
gene889,CU928145.2,926504,927739,-,1236,20,22
gene890,CU928145.2,927943,928908,+,966,72,30
gene891,CU928145.2,928928,930766,+,1839,21,52
gene892,CU928145.2,930786,932324,+,1539,18,42
gene893,CU928145.2,932342,933262,+,921,7,17
gene894,CU928145.2,933265,934176,+,912,0,20
gene895,CU928145.2,934354,936702,+,2349,6,370
gene896,CU928145.2,936710,938038,+,1329,2,162
gene897,CU928145.2,938085,939410,-,1326,0,32
gene898,CU928145.2,939623,940006,+,384,8709,418
gene899,CU928145.2,940117,941232,+,1116,41,9
gene900,CU928145.2,941229,941855,-,627,11,24
gene901,CU928145.2,942102,943304,+,1203,54,69
gene902,CU928145.2,943351,944109,-,759,16,57
gene903,CU928145.2,944167,944763,-,597,19,56
gene904,CU928145.2,945048,946280,+,1233,16,27
gene905,CU928145.2,946321,946605,-,285,8,9
gene906,CU928145.2,946691,947506,-,816,2,20
gene907,CU928145.2,947506,948714,-,1209,7,30
gene908,CU928145.2,948798,949334,+,537,1,21
gene909,CU928145.2,949354,949432,-,79,13,11
gene910,CU928145.2,949509,951194,-,1686,38,189
gene911,CU928145.2,951464,951841,+,378,6,68
gene912,CU928145.2,951871,952128,-,258,19,102
gene913,CU928145.2,952288,952575,+,288,3,29
gene914,CU928145.2,952559,953281,+,723,6,37
gene915,CU928145.2,953342,954244,+,903,17,62
gene916,CU928145.2,954332,954808,+,477,7,176
gene917,CU928145.2,955160,956272,+,1113,72,9
gene918,CU928145.2,956367,957500,+,1134,6,2
gene919,CU928145.2,957510,958466,+,957,5,2
gene920,CU928145.2,958459,959304,+,846,3,6
gene921,CU928145.2,959364,959852,+,489,14,31
gene922,CU928145.2,959893,961020,+,1128,4,29
gene923,CU928145.2,961195,961926,-,732,3,39
gene924,CU928145.2,962218,962886,-,669,61,34
gene925,CU928145.2,962886,963602,-,717,37,15
gene926,CU928145.2,963609,964340,-,732,139,36
gene927,CU928145.2,964358,965086,-,729,834,47
gene928,CU928145.2,965304,965819,-,516,126,12
gene929,CU928145.2,965945,966268,+,324,127,39
gene930,CU928145.2,966265,967095,+,831,280,29
gene931,CU928145.2,967092,968105,-,1014,21,17
gene932,CU928145.2,968204,969634,-,1431,13,37
gene933,CU928145.2,969645,970646,-,1002,79,62
gene934,CU928145.2,970683,972401,-,1719,326,14
gene935,CU928145.2,972534,973502,-,969,1,7
gene936,CU928145.2,973514,975166,-,1653,1,4
gene937,CU928145.2,975310,976209,-,900,4,21
gene938,CU928145.2,976704,977399,-,696,116,8
gene939,CU928145.2,977825,979483,+,1659,31,80
gene940,CU928145.2,979480,980472,-,993,65,196
gene941,CU928145.2,980587,981702,+,1116,35,35
gene942,CU928145.2,981699,983645,+,1947,20,41
gene943,CU928145.2,983718,983942,-,225,1110,525
gene944,CU928145.2,984265,984585,+,321,167,133
gene945,CU928145.2,984616,986892,+,2277,972,908
gene946,CU928145.2,987236,987323,-,88,17,66
gene947,CU928145.2,987576,987794,-,219,28,2611
gene948,CU928145.2,988079,988783,-,705,25,15
gene949,CU928145.2,988825,990546,-,1722,21,65
gene950,CU928145.2,990547,992313,-,1767,18,60
gene951,CU928145.2,992436,993401,-,966,278,222
gene952,CU928145.2,993946,994440,+,495,43,1029
gene953,CU928145.2,994575,998642,+,4068,308,582
gene954,CU928145.2,998794,999408,+,615,35,259
gene955,CU928145.2,999419,1000762,+,1344,19,119
gene956,CU928145.2,1000853,1002145,+,1293,128,989
gene957,CU928145.2,1002384,1004828,+,2445,6,176
gene958,CU928145.2,1004839,1005456,+,618,0,21
gene959,CU928145.2,1005458,1006321,+,864,10,35
gene960,CU928145.2,1006357,1006983,-,627,151,7
gene961,CU928145.2,1007297,1008445,+,1149,91,27
gene962,CU928145.2,1008655,1010085,+,1431,0,28
gene963,CU928145.2,1010086,1010994,-,909,8,31
gene964,CU928145.2,1011094,1011684,+,591,5,26
gene965,CU928145.2,1011766,1012506,-,741,785,662
gene966,CU928145.2,1012698,1014980,-,2283,1913,2155
gene967,CU928145.2,1015035,1015892,-,858,537,1478
gene968,CU928145.2,1016297,1018057,-,1761,15,93
gene969,CU928145.2,1018187,1018879,+,693,28,59
gene970,CU928145.2,1019078,1020166,+,1089,106,464
gene971,CU928145.2,1020237,1021520,+,1284,156,201
gene972,CU928145.2,1021689,1022453,+,765,8,23
gene973,CU928145.2,1022626,1023309,+,684,192,88
gene974,CU928145.2,1023420,1025093,+,1674,826,4417
gene975,CU928145.2,1025253,1025537,+,285,364,1208
gene976,CU928145.2,1025744,1028008,+,2265,19,46
gene977,CU928145.2,1028045,1029793,+,1749,106,204
gene978,CU928145.2,1029790,1030776,+,987,20,46
gene979,CU928145.2,1030813,1032045,+,1233,26,43
gene980,CU928145.2,1032097,1032279,+,183,16,33
gene981,CU928145.2,1032276,1033022,+,747,41,59
gene982,CU928145.2,1033176,1034069,+,894,32,36
gene983,CU928145.2,1034046,1034825,-,780,8,9
gene984,CU928145.2,1034728,1034892,-,165,0,0
gene985,CU928145.2,1034961,1035746,+,786,14,53
gene986,CU928145.2,1035743,1037065,+,1323,15,97
gene987,CU928145.2,1037073,1037750,+,678,4,38
gene988,CU928145.2,1037750,1042210,+,4461,41,384
gene989,CU928145.2,1042471,1044318,+,1848,412,136
gene990,CU928145.2,1044499,1045047,+,549,130,75
gene991,CU928145.2,1045074,1045721,+,648,33,102
gene992,CU928145.2,1045963,1046943,-,981,182,547
gene993,CU928145.2,1047222,1048412,-,1191,25,254
gene994,CU928145.2,1048597,1049685,-,1089,78,85167
gene995,CU928145.2,1050287,1051687,-,1401,128,620
gene996,CU928145.2,1051856,1053058,-,1203,93,267
gene997,CU928145.2,1053324,1055936,+,2613,116,247
gene998,CU928145.2,1056143,1056910,-,768,5,3
gene999,CU928145.2,1056907,1057698,-,792,1,0
gene1000,CU928145.2,1057709,1058854,-,1146,1,0
gene1001,CU928145.2,1058851,1059810,-,960,1,1
gene1002,CU928145.2,1059803,1060378,-,576,4,3
gene1003,CU928145.2,1060725,1061276,+,552,3,29
gene1004,CU928145.2,1061359,1062060,+,702,5,9
gene1005,CU928145.2,1062085,1064685,+,2601,7,32
gene1006,CU928145.2,1064676,1065746,+,1071,7,12
gene1007,CU928145.2,1065758,1066300,+,543,2,0
gene1008,CU928145.2,1066308,1066823,+,516,0,2
gene1009,CU928145.2,1066816,1067526,+,711,2,11
gene1010,CU928145.2,1067637,1068647,+,1011,2,56
gene1011,CU928145.2,1068821,1069363,+,543,12,109
gene1012,CU928145.2,1069360,1070469,-,1110,10,64
gene1013,CU928145.2,1070713,1072821,+,2109,22,31
gene1014,CU928145.2,1072832,1074739,+,1908,95,97
gene1015,CU928145.2,1074869,1076122,+,1254,96,53
gene1016,CU928145.2,1076127,1077767,+,1641,54,128
gene1017,CU928145.2,1077779,1078327,+,549,59,69
gene1018,CU928145.2,1078583,1078750,+,168,23106,207
gene1019,CU928145.2,1078820,1079338,-,519,164,409
gene1020,CU928145.2,1079407,1081167,-,1761,223,104
gene1021,CU928145.2,1081353,1081805,+,453,24,404
gene1022,CU928145.2,1081881,1082921,-,1041,2163,3507
gene1023,CU928145.2,1083169,1083535,+,367,8,4
gene1024,CU928145.2,1083278,1083787,-,510,15,63
gene1025,CU928145.2,1084006,1084635,+,630,13,80
gene1026,CU928145.2,1084598,1086751,-,2154,32,91
gene1027,CU928145.2,1086770,1087216,-,447,8,45
gene1028,CU928145.2,1087339,1089393,+,2055,61,76
gene1029,CU928145.2,1089425,1089883,-,459,30,1073
gene1030,CU928145.2,1089979,1090641,-,663,15,13
gene1031,CU928145.2,1090814,1091227,+,414,156,11
gene1032,CU928145.2,1091272,1091589,-,318,676,107
gene1033,CU928145.2,1091647,1092750,-,1104,62,44
gene1034,CU928145.2,1092719,1093210,+,492,100,51
gene1035,CU928145.2,1093207,1093536,-,330,15,123
gene1036,CU928145.2,1093627,1094286,-,660,237,563
gene1037,CU928145.2,1094492,1094704,+,213,250,29
gene1038,CU928145.2,1094694,1095713,-,1020,111,84
gene1039,CU928145.2,1095691,1096071,-,381,0,3
gene1040,CU928145.2,1096001,1098493,-,2493,9,31
gene1041,CU928145.2,1098589,1098777,-,189,0,6
gene1042,CU928145.2,1098774,1099067,-,294,9,26
gene1043,CU928145.2,1099137,1099189,-,53,8,17
gene1044,CU928145.2,1099530,1099748,-,219,1,11
gene1045,CU928145.2,1099778,1099906,-,129,4,5
gene1046,CU928145.2,1099908,1100063,-,156,1,6
gene1047,CU928145.2,1100271,1100678,-,408,17,304
gene1048,CU928145.2,1100755,1100982,+,228,1,1
gene1049,CU928145.2,1100966,1101517,+,552,0,7
gene1050,CU928145.2,1101414,1102529,+,1116,4,9
gene1051,CU928145.2,1102318,1102983,+,666,0,1
gene1052,CU928145.2,1102999,1103787,+,789,0,3
gene1053,CU928145.2,1103788,1104225,+,438,0,5
gene1054,CU928145.2,1104222,1104710,+,489,0,7
gene1055,CU928145.2,1104703,1104957,+,255,0,1
gene1056,CU928145.2,1104950,1105261,+,312,0,6
gene1057,CU928145.2,1105390,1105572,+,183,0,0
gene1058,CU928145.2,1105565,1105741,+,177,0,0
gene1059,CU928145.2,1105738,1106253,+,516,10,8
gene1060,CU928145.2,1106485,1106988,-,504,26,193
gene1061,CU928145.2,1106907,1107182,-,276,189,1388
gene1062,CU928145.2,1107961,1108212,+,252,7,52
gene1063,CU928145.2,1108559,1109614,+,1056,3,6
gene1064,CU928145.2,1109615,1109995,+,381,0,3
gene1065,CU928145.2,1109992,1110813,+,822,6,7
gene1066,CU928145.2,1110953,1111237,+,285,253,208
gene1067,CU928145.2,1111388,1112437,+,1050,9,59
gene1068,CU928145.2,1112487,1112562,+,76,1,6
gene1069,CU928145.2,1112570,1112646,+,77,2,25
gene1070,CU928145.2,1112660,1112736,+,77,0,20
gene1071,CU928145.2,1113226,1115088,+,1863,46,27
gene1072,CU928145.2,1115133,1115453,+,321,6,3
gene1073,CU928145.2,1115458,1116264,+,807,4,13
gene1074,CU928145.2,1116274,1116588,-,315,7,328
gene1075,CU928145.2,1116717,1117250,+,534,3,12
gene1076,CU928145.2,1117328,1117540,+,213,7,7
gene1077,CU928145.2,1117521,1117793,+,273,2,2
gene1078,CU928145.2,1117809,1118360,+,552,2,1
gene1079,CU928145.2,1118813,1119289,+,477,0,0
gene1080,CU928145.2,1119286,1121409,+,2124,12,18
gene1081,CU928145.2,1121382,1121618,+,237,1,0
gene1082,CU928145.2,1121618,1123120,+,1503,2,6
gene1083,CU928145.2,1122918,1125089,+,2172,10,6
gene1084,CU928145.2,1125177,1125503,+,327,0,0
gene1085,CU928145.2,1125496,1125777,+,282,0,0
gene1086,CU928145.2,1125774,1126403,+,630,1,0
gene1087,CU928145.2,1126416,1126814,+,399,0,1
gene1088,CU928145.2,1126822,1127568,+,747,6,7
gene1089,CU928145.2,1127587,1128018,+,432,6,5
gene1090,CU928145.2,1128045,1128449,+,405,4,0
gene1091,CU928145.2,1128430,1131042,+,2613,26,9
gene1092,CU928145.2,1131039,1131371,+,333,3,1
gene1093,CU928145.2,1131371,1132069,+,699,0,2
gene1094,CU928145.2,1132032,1132817,+,786,0,0
gene1095,CU928145.2,1132715,1133386,+,672,2,2
gene1096,CU928145.2,1133447,1136842,+,3396,112,189
gene1097,CU928145.2,1136910,1137509,+,600,15,4
gene1098,CU928145.2,1137661,1139064,+,1404,6,7
gene1099,CU928145.2,1138986,1139681,+,696,5,10
gene1100,CU928145.2,1140292,1140379,-,88,4,7
gene1101,CU928145.2,1140806,1141924,+,1119,47,2
gene1102,CU928145.2,1141921,1143714,+,1794,7,4
gene1103,CU928145.2,1143733,1144440,+,708,3,0
gene1104,CU928145.2,1144437,1145024,+,588,6,1
gene1105,CU928145.2,1145021,1145419,+,399,2,0
gene1106,CU928145.2,1145416,1146273,+,858,2,1
gene1107,CU928145.2,1146407,1147951,+,1545,7,6
gene1108,CU928145.2,1147963,1149099,+,1137,4,5
gene1109,CU928145.2,1149284,1150582,+,1299,7,14
gene1110,CU928145.2,1150697,1152877,-,2181,16,360
gene1111,CU928145.2,1152897,1153343,-,447,3,78
gene1112,CU928145.2,1153331,1154470,-,1140,2,134
gene1113,CU928145.2,1154516,1156612,-,2097,3,207
gene1114,CU928145.2,1156612,1157358,-,747,2,126
gene1115,CU928145.2,1157355,1157999,-,645,2,303
gene1116,CU928145.2,1158081,1158353,-,273,0,1
gene1117,CU928145.2,1158106,1158411,-,306,32,1008
gene1118,CU928145.2,1158853,1159065,-,213,3,38
gene1119,CU928145.2,1159124,1159627,-,504,25,190
gene1120,CU928145.2,1159546,1159821,-,276,181,1329
gene1121,CU928145.2,1160128,1160340,+,213,67,12296
gene1122,CU928145.2,1160734,1160907,+,174,4,1394
gene1123,CU928145.2,1160956,1162029,-,1074,8,39
gene1124,CU928145.2,1162101,1164845,-,2745,2,20
gene1125,CU928145.2,1164928,1165956,+,1029,2,6
gene1126,CU928145.2,1165929,1166621,-,693,5,9
gene1127,CU928145.2,1166751,1167923,+,1173,2,6
gene1128,CU928145.2,1167923,1170469,+,2547,4,5
gene1129,CU928145.2,1170466,1171065,+,600,3,13
gene1130,CU928145.2,1171158,1171463,-,306,13,5
gene1131,CU928145.2,1171463,1172383,-,921,286,35
gene1132,CU928145.2,1172716,1173903,+,1188,5,52
gene1133,CU928145.2,1174192,1175433,+,1242,160,103
gene1134,CU928145.2,1175471,1175698,-,228,701,78
gene1135,CU928145.2,1175719,1176315,-,597,685,50
gene1136,CU928145.2,1176525,1176755,+,231,5,3
gene1137,CU928145.2,1176688,1176861,+,174,8941,19
gene1138,CU928145.2,1176944,1178272,-,1329,14,3
gene1139,CU928145.2,1178293,1178787,-,495,3,1
gene1140,CU928145.2,1178798,1179388,-,591,8,1
gene1141,CU928145.2,1179398,1180198,-,801,1,1
gene1142,CU928145.2,1180206,1180592,-,387,0,1
gene1143,CU928145.2,1180604,1181296,-,693,0,0
gene1144,CU928145.2,1181296,1182444,-,1149,0,1
gene1145,CU928145.2,1182675,1183313,+,639,14,47
gene1146,CU928145.2,1183353,1187315,-,3963,19,204
gene1147,CU928145.2,1187738,1189246,+,1509,14,100
gene1148,CU928145.2,1189779,1190618,+,840,9,3
gene1149,CU928145.2,1190676,1191803,+,1128,0,42
gene1150,CU928145.2,1191809,1193080,+,1272,17,40
gene1151,CU928145.2,1193147,1193344,-,198,10,6
gene1152,CU928145.2,1193564,1194487,+,924,199,14
gene1153,CU928145.2,1194537,1194950,-,414,3,26
gene1154,CU928145.2,1194952,1196277,-,1326,0,10
gene1155,CU928145.2,1196270,1198288,-,2019,1,12
gene1156,CU928145.2,1198297,1200720,-,2424,12,29
gene1157,CU928145.2,1201027,1201302,+,276,179,1386
gene1158,CU928145.2,1201221,1201724,+,504,25,190
gene1159,CU928145.2,1201775,1202902,+,1128,169,1327
gene1160,CU928145.2,1203113,1203700,+,588,31,97
gene1161,CU928145.2,1203654,1204550,+,897,1,29
gene1162,CU928145.2,1204591,1205457,-,867,5,26
gene1163,CU928145.2,1205454,1205762,-,309,23,19
gene1164,CU928145.2,1205856,1206347,+,492,0,0
gene1165,CU928145.2,1206344,1207330,+,987,3,14
gene1166,CU928145.2,1207704,1207791,-,88,16,58
gene1167,CU928145.2,1208025,1208963,+,939,7,20
gene1168,CU928145.2,1209018,1209755,+,738,42,104
gene1169,CU928145.2,1209779,1210333,+,555,8,54
gene1170,CU928145.2,1210435,1210926,+,492,1,67
gene1171,CU928145.2,1210990,1211823,-,834,17,8
gene1172,CU928145.2,1211850,1212266,-,417,0,3
gene1173,CU928145.2,1212291,1212680,-,390,0,7
gene1174,CU928145.2,1212685,1213335,-,651,3,30
gene1175,CU928145.2,1214089,1214544,+,456,3,2
gene1176,CU928145.2,1214585,1215040,+,456,0,17
gene1177,CU928145.2,1215099,1215431,+,333,0,52
gene1178,CU928145.2,1215662,1215862,+,201,0,27
gene1179,CU928145.2,1215957,1216490,+,534,20,18
gene1180,CU928145.2,1216492,1217913,+,1422,18,8
gene1181,CU928145.2,1217921,1219078,-,1158,5,42
gene1182,CU928145.2,1219123,1219266,-,144,0,3
gene1183,CU928145.2,1219270,1219428,-,159,0,5
gene1184,CU928145.2,1219472,1221007,+,1536,146,266
gene1185,CU928145.2,1221000,1223543,+,2544,113,210
gene1186,CU928145.2,1223716,1223943,+,228,151,4
gene1187,CU928145.2,1223944,1224318,-,375,137,3
gene1188,CU928145.2,1224401,1225627,-,1227,60,12
gene1189,CU928145.2,1225799,1226719,-,921,24,50
gene1190,CU928145.2,1226944,1227996,+,1053,11,37
gene1191,CU928145.2,1228038,1228613,-,576,6,34
gene1192,CU928145.2,1228617,1229183,-,567,1,3
gene1193,CU928145.2,1229605,1230723,-,1119,25,81
gene1194,CU928145.2,1230838,1231092,-,255,677,2128
gene1195,CU928145.2,1231382,1231759,-,378,14,264
gene1196,CU928145.2,1231701,1232747,-,1047,5,33
gene1197,CU928145.2,1232853,1233413,-,561,59,455
gene1198,CU928145.2,1233547,1234194,-,648,506,144
gene1199,CU928145.2,1234258,1235466,-,1209,3,12
gene1200,CU928145.2,1235702,1236286,+,585,27,74
gene1201,CU928145.2,1236297,1236944,+,648,22,39
gene1202,CU928145.2,1236946,1237869,+,924,6,41
gene1203,CU928145.2,1237979,1239514,+,1536,11,59
gene1204,CU928145.2,1239554,1239970,-,417,7,651
gene1205,CU928145.2,1239975,1240268,-,294,1,425
gene1206,CU928145.2,1240344,1241003,-,660,1,162
gene1207,CU928145.2,1241158,1241574,+,417,0,590
gene1208,CU928145.2,1241578,1241982,+,405,0,144
gene1209,CU928145.2,1241994,1242689,+,696,2,315
gene1210,CU928145.2,1242714,1243919,+,1206,3,466
gene1211,CU928145.2,1243939,1244694,+,756,3,153
gene1212,CU928145.2,1244866,1245648,+,783,8,230
gene1213,CU928145.2,1245701,1246399,+,699,0,92
gene1214,CU928145.2,1246411,1247508,+,1098,1,130
gene1215,CU928145.2,1247508,1248449,+,942,2,101
gene1216,CU928145.2,1248515,1250158,+,1644,6,426
gene1217,CU928145.2,1250170,1251123,+,954,13,784
gene1218,CU928145.2,1251320,1254505,-,3186,83,480
gene1219,CU928145.2,1254530,1254866,-,337,170,773
gene1220,CU928145.2,1255078,1256037,+,960,19,63
gene1221,CU928145.2,1256149,1256733,-,585,175,40
gene1222,CU928145.2,1256727,1256895,+,169,558,110
gene1223,CU928145.2,1256932,1257453,+,522,78,2666
gene1224,CU928145.2,1257505,1257678,+,174,45,5392
gene1225,CU928145.2,1257759,1258829,+,1071,129,950
gene1226,CU928145.2,1258897,1259850,+,954,85,236
gene1227,CU928145.2,1259866,1260795,+,930,47,240
gene1228,CU928145.2,1260808,1261542,+,735,388,694
gene1229,CU928145.2,1261753,1261989,+,237,1478,10698
gene1230,CU928145.2,1262077,1263318,+,1242,103,964
gene1231,CU928145.2,1263438,1264247,+,810,34,34
gene1232,CU928145.2,1264250,1265272,+,1023,14,40
gene1233,CU928145.2,1265262,1265903,+,642,18,30
gene1234,CU928145.2,1265900,1266904,+,1005,10,32
gene1235,CU928145.2,1266915,1267712,+,798,535,55
gene1236,CU928145.2,1268007,1269440,+,1434,303,166
gene1237,CU928145.2,1269500,1271689,-,2190,39,30
gene1238,CU928145.2,1272023,1272382,+,360,70,190
gene1239,CU928145.2,1272385,1272762,+,378,19,102
gene1240,CU928145.2,1272776,1273417,+,642,31,122
gene1241,CU928145.2,1273398,1274222,+,825,14,42
gene1242,CU928145.2,1274233,1275258,+,1026,36,73
gene1243,CU928145.2,1275281,1275823,+,543,47,224
gene1244,CU928145.2,1276231,1277535,+,1305,18,69
gene1245,CU928145.2,1277745,1278284,+,540,68,15
gene1246,CU928145.2,1278346,1278978,-,633,43,25
gene1247,CU928145.2,1279219,1279476,+,258,166,143
gene1248,CU928145.2,1279559,1280521,-,963,49,34
gene1249,CU928145.2,1280665,1284111,-,3447,75,128
gene1250,CU928145.2,1284239,1285312,-,1074,0,10
gene1251,CU928145.2,1285574,1286773,+,1200,9,111
gene1252,CU928145.2,1286766,1287467,+,702,1,46
gene1253,CU928145.2,1287467,1288711,+,1245,38,123
gene1254,CU928145.2,1288740,1289651,+,912,14,68
gene1255,CU928145.2,1289667,1290488,+,822,3,41
gene1256,CU928145.2,1290627,1291349,-,723,3,20
gene1257,CU928145.2,1291412,1291882,-,471,2,16
gene1258,CU928145.2,1291931,1292977,-,1047,18,141
gene1259,CU928145.2,1292974,1293768,-,795,11,39
gene1260,CU928145.2,1293765,1294592,-,828,28,35
gene1261,CU928145.2,1294606,1295742,-,1137,3,94
gene1262,CU928145.2,1295721,1295972,-,252,0,1
gene1263,CU928145.2,1295950,1297221,+,1272,191,250
gene1264,CU928145.2,1297367,1298488,-,1122,111,118
gene1265,CU928145.2,1298564,1300024,-,1461,17,86
gene1266,CU928145.2,1300024,1300695,-,672,76,194
gene1267,CU928145.2,1300863,1302233,-,1371,3,58
gene1268,CU928145.2,1302237,1302878,-,642,4,16
gene1269,CU928145.2,1302914,1304020,-,1107,10,125
gene1270,CU928145.2,1304074,1304535,-,462,6,9
gene1271,CU928145.2,1304545,1305198,-,654,23,26
gene1272,CU928145.2,1305370,1306620,+,1251,354,522
gene1273,CU928145.2,1306723,1307046,-,324,2,121
gene1274,CU928145.2,1307742,1308146,-,405,1,28
gene1275,CU928145.2,1308367,1309098,-,732,92,124
gene1276,CU928145.2,1309303,1310514,-,1212,20,71
gene1277,CU928145.2,1310828,1311064,+,237,157,74
gene1278,CU928145.2,1311107,1311379,+,273,29,83
gene1279,CU928145.2,1311408,1311674,+,267,47,106
gene1280,CU928145.2,1311787,1312035,+,249,22,83
gene1281,CU928145.2,1312367,1313890,+,1524,28,21
gene1282,CU928145.2,1314022,1314240,+,219,15,91
gene1283,CU928145.2,1314640,1314849,+,210,1,13
gene1284,CU928145.2,1315056,1315331,+,276,178,1372
gene1285,CU928145.2,1315250,1315753,+,504,21,170
gene1286,CU928145.2,1315755,1318064,+,2310,11,26
gene1287,CU928145.2,1318121,1318450,-,330,16,37
gene1288,CU928145.2,1318460,1318735,-,276,1,24
gene1289,CU928145.2,1319281,1319724,+,444,12,4
gene1290,CU928145.2,1320096,1320362,-,267,48,367
gene1291,CU928145.2,1320366,1321178,-,813,25,428
gene1292,CU928145.2,1321202,1321897,-,696,47,180
gene1293,CU928145.2,1322417,1322785,+,369,2,268
gene1294,CU928145.2,1322905,1323306,-,402,0,187
gene1295,CU928145.2,1323515,1323841,+,327,34,348
gene1296,CU928145.2,1323913,1324572,+,660,21,176
gene1297,CU928145.2,1324664,1325110,+,447,55,52
gene1298,CU928145.2,1325317,1325598,-,282,3,22
gene1299,CU928145.2,1325718,1326020,-,303,2,3
gene1300,CU928145.2,1326117,1326371,-,255,0,0
gene1301,CU928145.2,1326462,1326540,+,79,0,0
gene1302,CU928145.2,1326600,1327019,+,420,5,20
gene1303,CU928145.2,1327019,1328287,+,1269,11,24
gene1304,CU928145.2,1328333,1328863,-,531,21,210
gene1305,CU928145.2,1329009,1330550,-,1542,9,116
gene1306,CU928145.2,1330772,1331491,+,720,49,150
gene1307,CU928145.2,1331543,1333075,-,1533,1127,24
gene1308,CU928145.2,1333405,1334703,+,1299,316,44
gene1309,CU928145.2,1334713,1335783,+,1071,131,51
gene1310,CU928145.2,1336169,1337905,-,1737,57,146
gene1311,CU928145.2,1338000,1338914,-,915,18,21
gene1312,CU928145.2,1339014,1339625,+,612,24,24
gene1313,CU928145.2,1339627,1340361,-,735,3,86
gene1314,CU928145.2,1340562,1340816,+,255,151,1
gene1315,CU928145.2,1340994,1341434,+,441,2,7
gene1316,CU928145.2,1341513,1343210,-,1698,59,14
gene1317,CU928145.2,1343530,1344948,-,1419,10,453
gene1318,CU928145.2,1344959,1345591,-,633,4,84
gene1319,CU928145.2,1345602,1346672,-,1071,1,573
gene1320,CU928145.2,1346900,1348819,+,1920,8,84
gene1321,CU928145.2,1348919,1351786,-,2868,15,53
gene1322,CU928145.2,1352555,1353646,-,1092,158,445
gene1323,CU928145.2,1353763,1354347,-,585,13,43
gene1324,CU928145.2,1354625,1354903,+,279,1765,488
gene1325,CU928145.2,1354958,1356637,-,1680,62,21
gene1326,CU928145.2,1356762,1357709,-,948,43,247
gene1327,CU928145.2,1357860,1358711,-,852,25,55
gene1328,CU928145.2,1358711,1359334,-,624,28,23
gene1329,CU928145.2,1359548,1360804,+,1257,54,218
gene1330,CU928145.2,1360846,1361928,+,1083,10,96
gene1331,CU928145.2,1361928,1362761,+,834,4,34
gene1332,CU928145.2,1362758,1363150,+,393,1,18
gene1333,CU928145.2,1363154,1363963,+,810,18,93
gene1334,CU928145.2,1363999,1364853,+,855,39,225
gene1335,CU928145.2,1365002,1365169,-,168,15,21
gene1336,CU928145.2,1365162,1365221,+,60,10,36
gene1337,CU928145.2,1365538,1365645,-,108,14,18
gene1338,CU928145.2,1365693,1365756,+,64,9,39
gene1339,CU928145.2,1366050,1367150,-,1101,3,128
gene1340,CU928145.2,1367420,1367650,+,231,58,10
gene1341,CU928145.2,1367787,1368503,+,717,154,40
gene1342,CU928145.2,1368547,1368900,-,354,20,242
gene1343,CU928145.2,1369226,1370479,+,1254,11,34
gene1344,CU928145.2,1370480,1371130,-,651,8,76
gene1345,CU928145.2,1371123,1372919,-,1797,26,260
gene1346,CU928145.2,1373258,1374649,+,1392,5,1192
gene1347,CU928145.2,1375165,1378908,+,3744,3,738
gene1348,CU928145.2,1378905,1380443,+,1539,3,50
gene1349,CU928145.2,1380440,1381150,+,711,2,23
gene1350,CU928145.2,1381150,1381827,+,678,6,19
gene1351,CU928145.2,1382007,1382456,+,450,1,1
gene1352,CU928145.2,1382011,1382181,-,171,0,0
gene1353,CU928145.2,1382189,1382273,-,85,0,0
gene1354,CU928145.2,1382308,1382392,-,85,0,0
gene1355,CU928145.2,1382552,1383394,-,843,23,176
gene1356,CU928145.2,1383444,1383902,-,459,20,197
gene1357,CU928145.2,1383976,1384920,+,945,216,53
gene1358,CU928145.2,1385012,1386025,+,1014,212,51
gene1359,CU928145.2,1386227,1387135,+,909,144,387
gene1360,CU928145.2,1387279,1387692,-,414,594,14696
gene1361,CU928145.2,1388298,1388915,+,618,31,593
gene1362,CU928145.2,1389197,1389739,-,543,18,26
gene1363,CU928145.2,1389743,1389973,-,231,0,0
gene1364,CU928145.2,1389912,1390097,-,186,0,1
gene1365,CU928145.2,1390221,1392896,-,2676,778,1097
gene1366,CU928145.2,1393373,1394020,+,648,39,140
gene1367,CU928145.2,1394178,1394339,-,162,7,47
gene1368,CU928145.2,1394758,1396389,+,1632,17,726
gene1369,CU928145.2,1396475,1397395,+,921,5,134
gene1370,CU928145.2,1397410,1398318,+,909,4,68
gene1371,CU928145.2,1398330,1399343,+,1014,6,105
gene1372,CU928145.2,1399340,1400344,+,1005,7,89
gene1373,CU928145.2,1400397,1400726,-,330,36,120
gene1374,CU928145.2,1400761,1402221,-,1461,35,100
gene1375,CU928145.2,1402253,1402537,+,285,107,571
gene1376,CU928145.2,1402592,1403845,-,1254,75,383
gene1377,CU928145.2,1404145,1404441,-,297,8,1873
gene1378,CU928145.2,1404665,1405384,+,720,62,45
gene1379,CU928145.2,1405424,1405822,-,399,22,263
gene1380,CU928145.2,1405927,1406466,-,540,33,101
gene1381,CU928145.2,1406496,1407239,-,744,25,93
gene1382,CU928145.2,1407596,1408234,+,639,10,52
gene1383,CU928145.2,1408280,1409410,-,1131,6,35
gene1384,CU928145.2,1409388,1409636,-,249,4,9
gene1385,CU928145.2,1409701,1412172,-,2472,25,36
gene1386,CU928145.2,1412265,1412456,-,192,2,3
gene1387,CU928145.2,1412453,1412746,-,294,9,24
gene1388,CU928145.2,1412816,1412868,-,53,8,17
gene1389,CU928145.2,1412991,1413206,+,216,3,3
gene1390,CU928145.2,1413136,1413402,+,267,90,107
gene1391,CU928145.2,1413391,1413741,-,351,33,42
gene1392,CU928145.2,1413741,1414049,-,309,1,6
gene1393,CU928145.2,1414086,1414544,-,459,99,155
gene1394,CU928145.2,1414544,1414798,+,255,1,1
gene1395,CU928145.2,1414782,1415303,+,522,0,9
gene1396,CU928145.2,1415230,1416249,+,1020,10,29
gene1397,CU928145.2,1416290,1416712,+,423,0,27
gene1398,CU928145.2,1416965,1417864,+,900,29,640
gene1399,CU928145.2,1418179,1418838,-,660,39,283
gene1400,CU928145.2,1418845,1419552,-,708,33,509
gene1401,CU928145.2,1419725,1419892,-,168,4,21
gene1402,CU928145.2,1420655,1420906,+,252,7,54
gene1403,CU928145.2,1421253,1422302,+,1050,2,7
gene1404,CU928145.2,1422308,1422508,+,201,0,0
gene1405,CU928145.2,1422315,1422674,+,360,0,0
gene1406,CU928145.2,1422665,1423360,+,696,4,16
gene1407,CU928145.2,1423432,1424271,+,840,111,2269
gene1408,CU928145.2,1424268,1425011,+,744,53,1546
gene1409,CU928145.2,1425122,1425448,+,327,2,30
gene1410,CU928145.2,1425498,1425573,+,76,1,20
gene1411,CU928145.2,1425671,1425747,+,77,0,29
gene1412,CU928145.2,1426724,1428580,+,1857,54,31
gene1413,CU928145.2,1428653,1428946,+,294,32,0
gene1414,CU928145.2,1428951,1429265,+,315,1,9
gene1415,CU928145.2,1429321,1429854,+,534,2,8
gene1416,CU928145.2,1429836,1430309,+,474,124,27
gene1417,CU928145.2,1430726,1431346,+,621,93,277
gene1418,CU928145.2,1431288,1432355,-,1068,19,569
gene1419,CU928145.2,1432470,1432622,+,153,3,6
gene1420,CU928145.2,1432760,1433308,+,549,1,9
gene1421,CU928145.2,1433238,1435208,+,1971,2,5
gene1422,CU928145.2,1435192,1435398,+,207,0,0
gene1423,CU928145.2,1435395,1436987,+,1593,1,4
gene1424,CU928145.2,1436977,1438482,+,1506,1,2
gene1425,CU928145.2,1438519,1438866,+,348,0,0
gene1426,CU928145.2,1438924,1439952,+,1029,4,1
gene1427,CU928145.2,1439956,1440387,+,432,1,1
gene1428,CU928145.2,1440380,1440733,+,354,0,0
gene1429,CU928145.2,1440748,1441323,+,576,1,0
gene1430,CU928145.2,1441320,1441715,+,396,0,0
gene1431,CU928145.2,1441723,1442475,+,753,1,5
gene1432,CU928145.2,1442489,1442920,+,432,5,3
gene1433,CU928145.2,1442947,1443360,+,414,5,0
gene1434,CU928145.2,1443341,1445914,+,2574,15,6
gene1435,CU928145.2,1445911,1446240,+,330,0,0
gene1436,CU928145.2,1446240,1446938,+,699,0,0
gene1437,CU928145.2,1446688,1447692,+,1005,0,1
gene1438,CU928145.2,1447590,1448270,+,681,0,6
gene1439,CU928145.2,1448613,1452086,+,3474,13,22
gene1440,CU928145.2,1452154,1452753,+,600,16,3
gene1441,CU928145.2,1452905,1456075,+,3171,29,44
gene1442,CU928145.2,1456075,1456659,+,585,33,74
gene1443,CU928145.2,1456714,1457298,-,585,19,2088
gene1444,CU928145.2,1457439,1457708,+,270,4,5
gene1445,CU928145.2,1458482,1458988,-,507,145,42
gene1446,CU928145.2,1459034,1459534,-,501,72,17
gene1447,CU928145.2,1459620,1459799,-,180,1608,1
gene1448,CU928145.2,1460180,1460986,-,807,16,35
gene1449,CU928145.2,1460986,1462179,-,1194,10,10
gene1450,CU928145.2,1462191,1463549,-,1359,12,11
gene1451,CU928145.2,1463553,1465148,-,1596,7,8
gene1452,CU928145.2,1465148,1466710,-,1563,3,3
gene1453,CU928145.2,1466732,1466825,-,94,0,0
gene1454,CU928145.2,1466802,1466846,-,45,0,0
gene1455,CU928145.2,1466984,1467865,+,882,42,27
gene1456,CU928145.2,1467862,1468482,+,621,23,17
gene1457,CU928145.2,1468556,1469455,+,900,17,52
gene1458,CU928145.2,1469495,1470085,-,591,15,42
gene1459,CU928145.2,1470082,1470840,-,759,34,61
gene1460,CU928145.2,1470884,1471048,-,165,1,0
gene1461,CU928145.2,1471060,1472109,+,1050,97,223
gene1462,CU928145.2,1472145,1472396,-,252,98,1003
gene1463,CU928145.2,1472441,1472653,+,213,6,18
gene1464,CU928145.2,1472776,1475373,+,2598,108,478
gene1465,CU928145.2,1475583,1476557,+,975,123,197
gene1466,CU928145.2,1476851,1477015,+,165,3,24
gene1467,CU928145.2,1476997,1477185,+,189,2,35
gene1468,CU928145.2,1477322,1477504,+,183,13,11
gene1469,CU928145.2,1477558,1480233,+,2676,457,80
gene1470,CU928145.2,1480297,1480887,-,591,207,370
gene1471,CU928145.2,1481057,1481821,+,765,50,88
gene1472,CU928145.2,1481970,1482278,+,309,60,114
gene1473,CU928145.2,1482285,1483454,+,1170,31,196
gene1474,CU928145.2,1483647,1484384,+,738,2,27
gene1475,CU928145.2,1484384,1484710,+,327,3,6
gene1476,CU928145.2,1484836,1485054,-,219,951,70
gene1477,CU928145.2,1485323,1486072,-,750,12,434
gene1478,CU928145.2,1486162,1486377,-,216,17,71
gene1479,CU928145.2,1486482,1488467,-,1986,968,66
gene1480,CU928145.2,1488702,1490636,-,1935,34,73
gene1481,CU928145.2,1490704,1491831,-,1128,39,7
gene1482,CU928145.2,1491976,1492764,-,789,365,418
gene1483,CU928145.2,1493134,1493487,-,354,0,2
gene1484,CU928145.2,1493555,1494361,-,807,17,25
gene1485,CU928145.2,1494363,1495355,-,993,21,24
gene1486,CU928145.2,1495355,1496245,-,891,15,13
gene1487,CU928145.2,1496232,1497197,-,966,36,60
gene1488,CU928145.2,1497194,1498837,-,1644,72,58
gene1489,CU928145.2,1499149,1499394,-,246,3,26
gene1490,CU928145.2,1499528,1500913,-,1386,11,16
gene1491,CU928145.2,1501216,1502634,-,1419,12,4
gene1492,CU928145.2,1502846,1503610,+,765,27,5
gene1493,CU928145.2,1503637,1504194,+,558,9,12
gene1494,CU928145.2,1504469,1505956,+,1488,3,0
gene1495,CU928145.2,1505958,1507238,+,1281,1,0
gene1496,CU928145.2,1507276,1508541,+,1266,3,5
gene1497,CU928145.2,1508661,1509638,-,978,3,23
gene1498,CU928145.2,1509805,1510473,+,669,371,428
gene1499,CU928145.2,1510527,1510751,+,225,20,12
gene1500,CU928145.2,1510751,1511110,+,360,9,14
gene1501,CU928145.2,1511119,1511340,+,222,1,6
gene1502,CU928145.2,1511415,1511729,+,315,11,206
gene1503,CU928145.2,1511941,1513620,+,1680,0,11
gene1504,CU928145.2,1513634,1514926,+,1293,1,8
gene1505,CU928145.2,1514947,1515828,+,882,1,2
gene1506,CU928145.2,1515815,1516657,+,843,1,1
gene1507,CU928145.2,1516688,1517740,+,1053,0,1
gene1508,CU928145.2,1517758,1518546,+,789,3,3
gene1509,CU928145.2,1518556,1519305,+,750,2,4
gene1510,CU928145.2,1519348,1519611,+,264,1,1
gene1511,CU928145.2,1519608,1521875,+,2268,3,6
gene1512,CU928145.2,1521872,1522531,+,660,0,0
gene1513,CU928145.2,1522545,1523627,+,1083,0,4
gene1514,CU928145.2,1523672,1524577,+,906,0,8
gene1515,CU928145.2,1524688,1525686,-,999,3,72
gene1516,CU928145.2,1525841,1527238,+,1398,12,23
gene1517,CU928145.2,1527235,1528296,+,1062,10,33
gene1518,CU928145.2,1528444,1529985,+,1542,64,214
gene1519,CU928145.2,1530029,1530535,-,507,69,861
gene1520,CU928145.2,1530654,1531619,+,966,20,28
gene1521,CU928145.2,1531594,1532382,-,789,24,27
gene1522,CU928145.2,1532423,1532587,-,165,1,14
gene1523,CU928145.2,1532658,1533590,-,933,8,13
gene1524,CU928145.2,1533716,1534615,+,900,35,164
gene1525,CU928145.2,1534952,1536565,+,1614,23,190
gene1526,CU928145.2,1536616,1537647,-,1032,12,234
gene1527,CU928145.2,1537891,1538148,+,258,357,923
gene1528,CU928145.2,1538198,1539148,-,951,874,709
gene1529,CU928145.2,1539300,1540052,-,753,375,354
gene1530,CU928145.2,1540247,1540762,-,516,9,32
gene1531,CU928145.2,1540773,1542299,-,1527,2,15
gene1532,CU928145.2,1542229,1542423,-,195,0,0
gene1533,CU928145.2,1542336,1543781,-,1446,2,10
gene1534,CU928145.2,1543781,1545091,-,1311,4,2
gene1535,CU928145.2,1545267,1546175,+,909,21,26
gene1536,CU928145.2,1546178,1546335,+,158,16,7
gene1537,CU928145.2,1546505,1547068,+,564,5,31
gene1538,CU928145.2,1547089,1548321,-,1233,36,24
gene1539,CU928145.2,1548576,1549559,+,984,124,26
gene1540,CU928145.2,1549834,1550007,+,174,1,1
gene1541,CU928145.2,1549889,1549963,+,75,0,0
gene1542,CU928145.2,1550037,1551410,+,1374,11,26
gene1543,CU928145.2,1551539,1552474,-,936,34,156
gene1544,CU928145.2,1552650,1553084,-,435,79,635
gene1545,CU928145.2,1553225,1554358,-,1134,37,56
gene1546,CU928145.2,1554586,1554694,+,109,1,1
gene1547,CU928145.2,1554725,1558249,-,3525,256,62
gene1548,CU928145.2,1558523,1558789,+,267,14,15
gene1549,CU928145.2,1558786,1559208,-,423,58,105
gene1550,CU928145.2,1559319,1560308,-,990,50,116
gene1551,CU928145.2,1560516,1563155,+,2640,68,150
gene1552,CU928145.2,1563152,1563337,+,186,3,36
gene1553,CU928145.2,1563345,1563671,+,327,5,89
gene1554,CU928145.2,1563843,1564748,-,906,36,23
gene1555,CU928145.2,1564984,1566483,+,1500,54,22
gene1556,CU928145.2,1566541,1568814,-,2274,16,11
gene1557,CU928145.2,1569062,1571107,-,2046,3,4
gene1558,CU928145.2,1571392,1572321,+,930,1,1
gene1559,CU928145.2,1572333,1572620,+,288,1,2
gene1560,CU928145.2,1572629,1573375,+,747,0,1
gene1561,CU928145.2,1573390,1573887,+,498,0,0
gene1562,CU928145.2,1573895,1574965,+,1071,3,6
gene1563,CU928145.2,1574962,1575729,+,768,0,4
gene1564,CU928145.2,1575729,1576517,+,789,0,2
gene1565,CU928145.2,1576519,1577946,+,1428,1,5
gene1566,CU928145.2,1577936,1578358,+,423,0,1
gene1567,CU928145.2,1578358,1579563,+,1206,51,7
gene1568,CU928145.2,1579590,1580903,+,1314,38,15
gene1569,CU928145.2,1581004,1581954,+,951,27,23
gene1570,CU928145.2,1581936,1582526,+,591,93,51
gene1571,CU928145.2,1582756,1583616,+,861,39,10
gene1572,CU928145.2,1583680,1585986,+,2307,4,63
gene1573,CU928145.2,1586157,1586762,+,606,0,1
gene1574,CU928145.2,1586762,1587658,+,897,1,0
gene1575,CU928145.2,1587674,1589431,+,1758,3,6
gene1576,CU928145.2,1589445,1590737,+,1293,7,7
gene1577,CU928145.2,1590788,1591393,-,606,7,15
gene1578,CU928145.2,1591651,1595496,+,3846,174,84
gene1579,CU928145.2,1595768,1596568,+,801,33,22
gene1580,CU928145.2,1596765,1598204,+,1440,124,54
gene1581,CU928145.2,1598246,1599247,-,1002,113,43
gene1582,CU928145.2,1599436,1599966,+,531,48,159
gene1583,CU928145.2,1599977,1600040,-,64,11,16
gene1584,CU928145.2,1600211,1600384,+,174,21,13
gene1585,CU928145.2,1600496,1600663,-,168,42,30
gene1586,CU928145.2,1600653,1600705,+,53,1,1
gene1587,CU928145.2,1601004,1602644,+,1641,32,198
gene1588,CU928145.2,1602682,1603605,-,924,45,28
gene1589,CU928145.2,1603822,1605165,+,1344,188,12
gene1590,CU928145.2,1605420,1607045,+,1626,62,146
gene1591,CU928145.2,1606966,1607169,-,204,0,3
gene1592,CU928145.2,1607185,1607409,+,225,815,452
gene1593,CU928145.2,1607457,1608008,+,552,45,93
gene1594,CU928145.2,1608003,1608983,-,981,320,12
gene1595,CU928145.2,1609107,1610099,+,993,17,24
gene1596,CU928145.2,1610096,1610689,+,594,4,64
gene1597,CU928145.2,1610992,1611660,+,669,114,108
gene1598,CU928145.2,1611678,1611845,-,168,6,24
gene1599,CU928145.2,1611957,1612112,-,156,2,13
gene1600,CU928145.2,1612187,1613395,+,1209,30,157
gene1601,CU928145.2,1613435,1614610,-,1176,4,22
gene1602,CU928145.2,1614702,1615238,+,537,6,20
gene1603,CU928145.2,1615311,1617272,+,1962,5,36
gene1604,CU928145.2,1617364,1617594,-,231,2,3
gene1605,CU928145.2,1617995,1618432,+,438,15,57
gene1606,CU928145.2,1618511,1619917,+,1407,23,33
gene1607,CU928145.2,1620162,1621307,+,1146,99,6
gene1608,CU928145.2,1621325,1622338,+,1014,13,0
gene1609,CU928145.2,1622339,1623280,+,942,11,4
gene1610,CU928145.2,1623270,1624064,+,795,7,0
gene1611,CU928145.2,1624086,1625510,+,1425,5,0
gene1612,CU928145.2,1625720,1626529,+,810,54,1048
gene1613,CU928145.2,1627146,1627394,+,249,2,51
gene1614,CU928145.2,1627480,1627713,+,234,8,517
gene1615,CU928145.2,1627714,1628163,-,450,4,13
gene1616,CU928145.2,1628160,1628912,-,753,8,30
gene1617,CU928145.2,1628859,1629896,+,1038,132,10
gene1618,CU928145.2,1630094,1630759,+,666,114,47
gene1619,CU928145.2,1630795,1632897,-,2103,100,60
gene1620,CU928145.2,1633139,1634200,+,1062,110,156
gene1621,CU928145.2,1634313,1635812,-,1500,19,49
gene1622,CU928145.2,1636079,1636696,+,618,80,2
gene1623,CU928145.2,1637768,1639912,+,2145,3,5
gene1624,CU928145.2,1639980,1644221,+,4242,40,19
gene1625,CU928145.2,1644221,1644682,+,462,0,4
gene1626,CU928145.2,1645018,1645734,+,717,9,12
gene1627,CU928145.2,1645701,1645994,+,294,0,8
gene1628,CU928145.2,1645998,1646567,-,570,57,9
gene1629,CU928145.2,1646740,1647585,+,846,21,7
gene1630,CU928145.2,1647681,1648574,-,894,7,30
gene1631,CU928145.2,1648653,1649333,-,681,7,1
gene1632,CU928145.2,1649330,1650025,-,696,1,1
gene1633,CU928145.2,1650025,1651569,-,1545,3,2
gene1634,CU928145.2,1651566,1655306,-,3741,10,4
gene1635,CU928145.2,1655388,1656776,-,1389,20,13
gene1636,CU928145.2,1657100,1658431,-,1332,7,11
gene1637,CU928145.2,1658455,1658745,-,291,0,2
gene1638,CU928145.2,1659004,1659828,-,825,1,29
gene1639,CU928145.2,1660117,1663164,+,3048,8,99
gene1640,CU928145.2,1663177,1664061,+,885,4,7
gene1641,CU928145.2,1664054,1664707,+,654,7,13
gene1642,CU928145.2,1664758,1665120,-,363,37,11
gene1643,CU928145.2,1665189,1666199,-,1011,262,4
gene1644,CU928145.2,1666333,1668030,-,1698,23,85
gene1645,CU928145.2,1668426,1668641,-,216,82,4
gene1646,CU928145.2,1668987,1669418,+,432,682,30
gene1647,CU928145.2,1669474,1670400,-,927,22,3
gene1648,CU928145.2,1670393,1671379,-,987,6,2
gene1649,CU928145.2,1671376,1672272,-,897,2,3
gene1650,CU928145.2,1672269,1673291,-,1023,2,0
gene1651,CU928145.2,1673293,1674843,-,1551,16,8
gene1652,CU928145.2,1674857,1675438,-,582,17,0
gene1653,CU928145.2,1675696,1678095,-,2400,44,12
gene1654,CU928145.2,1678120,1679502,-,1383,233,46
gene1655,CU928145.2,1679874,1681193,-,1320,11,27
gene1656,CU928145.2,1681324,1682859,-,1536,1230,11
gene1657,CU928145.2,1683015,1684415,-,1401,1626,28
gene1658,CU928145.2,1684777,1687572,-,2796,51,83
gene1659,CU928145.2,1687617,1689989,-,2373,2,24
gene1660,CU928145.2,1690027,1691712,-,1686,0,17
gene1661,CU928145.2,1692003,1693160,-,1158,18,18
gene1662,CU928145.2,1693212,1694894,-,1683,2,63
gene1663,CU928145.2,1695296,1696057,-,762,3,15
gene1664,CU928145.2,1696132,1696329,-,198,0,0
gene1665,CU928145.2,1696577,1698856,-,2280,6,23
gene1666,CU928145.2,1699190,1700104,-,915,0,4
gene1667,CU928145.2,1700163,1700666,-,504,0,3
gene1668,CU928145.2,1700679,1701209,-,531,0,5
gene1669,CU928145.2,1701223,1703874,-,2652,2,37
gene1670,CU928145.2,1703916,1704635,-,720,2,56
gene1671,CU928145.2,1704987,1705598,-,612,2,1704
gene1672,CU928145.2,1706006,1706185,-,180,0,3
gene1673,CU928145.2,1706503,1707825,-,1323,4,37
gene1674,CU928145.2,1707825,1708091,-,267,6,26
gene1675,CU928145.2,1708300,1713720,-,5421,7,24
gene1676,CU928145.2,1714251,1715843,-,1593,8,12
gene1677,CU928145.2,1715922,1716875,-,954,34,21
gene1678,CU928145.2,1717124,1718659,+,1536,8,6
gene1679,CU928145.2,1718653,1719681,+,1029,3,1
gene1680,CU928145.2,1719681,1720673,+,993,3,4
gene1681,CU928145.2,1720685,1721707,+,1023,7,6
gene1682,CU928145.2,1721734,1722609,+,876,7,4
gene1683,CU928145.2,1722633,1722923,+,291,3,0
gene1684,CU928145.2,1722980,1723738,+,759,43,7
gene1685,CU928145.2,1723742,1724656,-,915,21,18
gene1686,CU928145.2,1724863,1726314,-,1452,18,41
gene1687,CU928145.2,1726541,1727959,-,1419,63,88
gene1688,CU928145.2,1728098,1728457,-,360,4,15
gene1689,CU928145.2,1728457,1729383,-,927,2,29
gene1690,CU928145.2,1729447,1730835,-,1389,4,8
gene1691,CU928145.2,1730936,1731817,+,882,8,13
gene1692,CU928145.2,1731895,1732353,+,459,2,0
gene1693,CU928145.2,1732302,1732787,+,486,0,1
gene1694,CU928145.2,1732760,1733008,+,249,0,1
gene1695,CU928145.2,1733158,1734348,+,1191,10,19
gene1696,CU928145.2,1734373,1735038,-,666,48,38
gene1697,CU928145.2,1735250,1735684,+,435,1,33
gene1698,CU928145.2,1735704,1736087,+,384,3,545
gene1699,CU928145.2,1736119,1736337,+,219,4,291
gene1700,CU928145.2,1736394,1737839,-,1446,24,43
gene1701,CU928145.2,1737858,1739531,-,1674,0,2
gene1702,CU928145.2,1739587,1739901,-,315,0,4
gene1703,CU928145.2,1739926,1741287,-,1362,1,0
gene1704,CU928145.2,1741363,1741674,-,312,2,2
gene1705,CU928145.2,1741873,1742571,+,699,4,124
gene1706,CU928145.2,1742616,1743515,-,900,3,9
gene1707,CU928145.2,1743710,1744897,+,1188,39,16
gene1708,CU928145.2,1745339,1746229,-,891,58,92
gene1709,CU928145.2,1746484,1746876,-,393,617,4
gene1710,CU928145.2,1747152,1747670,+,519,291,7
gene1711,CU928145.2,1747715,1749760,-,2046,40,78
gene1712,CU928145.2,1749897,1750643,+,747,83,175
gene1713,CU928145.2,1750732,1751418,+,687,27,132
gene1714,CU928145.2,1751596,1751799,+,204,0,220
gene1715,CU928145.2,1751835,1753295,-,1461,6,32
gene1716,CU928145.2,1753384,1754667,-,1284,43,22
gene1717,CU928145.2,1755403,1755585,+,183,331373,1
gene1718,CU928145.2,1755658,1756164,+,507,372,11
gene1719,CU928145.2,1756201,1756707,+,507,188,11
gene1720,CU928145.2,1756726,1757616,+,891,276,46
gene1721,CU928145.2,1757736,1758317,-,582,10,22
gene1722,CU928145.2,1758317,1761280,-,2964,22,27
gene1723,CU928145.2,1761345,1761944,-,600,3,2
gene1724,CU928145.2,1762014,1765427,-,3414,17,36
gene1725,CU928145.2,1765488,1766135,-,648,0,0
gene1726,CU928145.2,1766033,1766776,-,744,1,0
gene1727,CU928145.2,1766782,1767480,-,699,1,0
gene1728,CU928145.2,1767490,1767819,-,330,0,1
gene1729,CU928145.2,1767819,1770905,-,3087,17,2
gene1730,CU928145.2,1770847,1771176,-,330,1,0
gene1731,CU928145.2,1771185,1771613,-,429,4,0
gene1732,CU928145.2,1771632,1772450,-,819,9,0
gene1733,CU928145.2,1772386,1772799,-,414,4,2
gene1734,CU928145.2,1772784,1773362,-,579,3,0
gene1735,CU928145.2,1773374,1773649,-,276,2,2
gene1736,CU928145.2,1773642,1774010,-,369,0,0
gene1737,CU928145.2,1774052,1776271,-,2220,214,33
gene1738,CU928145.2,1776024,1777604,-,1581,7,1
gene1739,CU928145.2,1777532,1777750,-,219,0,0
gene1740,CU928145.2,1777741,1779843,-,2103,5,6
gene1741,CU928145.2,1779843,1780337,-,495,1,1
gene1742,CU928145.2,1780890,1781096,-,207,35,60
gene1743,CU928145.2,1781384,1781794,+,411,0,58
gene1744,CU928145.2,1782114,1782578,-,465,1,2
gene1745,CU928145.2,1782580,1782753,-,174,0,1
gene1746,CU928145.2,1782877,1783410,-,534,1,8
gene1747,CU928145.2,1783466,1783780,-,315,1,9
gene1748,CU928145.2,1783785,1784000,-,216,0,10
gene1749,CU928145.2,1784252,1784647,-,396,17,260
gene1750,CU928145.2,1784798,1785226,-,429,39,424
gene1751,CU928145.2,1785593,1785679,-,87,1,9
gene1752,CU928145.2,1785760,1786113,-,354,19,70
gene1753,CU928145.2,1786224,1786300,-,77,1,2
gene1754,CU928145.2,1786258,1786422,+,165,1,13
gene1755,CU928145.2,1786401,1786476,-,76,8,4
gene1756,CU928145.2,1786620,1787441,-,822,9,5
gene1757,CU928145.2,1787438,1787815,-,378,0,1
gene1758,CU928145.2,1787619,1787819,-,201,0,0
gene1759,CU928145.2,1787825,1788874,-,1050,4,8
gene1760,CU928145.2,1789221,1789472,-,252,7,48
gene1761,CU928145.2,1790060,1790383,-,324,13,112
gene1762,CU928145.2,1790432,1791469,-,1038,8,395
gene1763,CU928145.2,1791685,1792110,-,426,1,39
gene1764,CU928145.2,1792151,1793170,-,1020,10,29
gene1765,CU928145.2,1793097,1793618,-,522,0,6
gene1766,CU928145.2,1793602,1793832,-,231,0,0
gene1767,CU928145.2,1793910,1794317,+,408,47,475
gene1768,CU928145.2,1794486,1794641,+,156,1,5
gene1769,CU928145.2,1794601,1795218,+,618,23,103
gene1770,CU928145.2,1795478,1795530,+,53,8,17
gene1771,CU928145.2,1795600,1795893,+,294,6,12
gene1772,CU928145.2,1795890,1796081,+,192,1,7
gene1773,CU928145.2,1796175,1798646,+,2472,26,24
gene1774,CU928145.2,1798719,1798970,+,252,1,2
gene1775,CU928145.2,1798990,1800285,+,1296,15,27
gene1776,CU928145.2,1800305,1800415,-,111,0,5
gene1777,CU928145.2,1800473,1801162,-,690,61,141
gene1778,CU928145.2,1801258,1801326,-,69,1,6
gene1779,CU928145.2,1801318,1802526,+,1209,167,1324
gene1780,CU928145.2,1802495,1802854,-,360,3,0
gene1781,CU928145.2,1802842,1804056,-,1215,2,17
gene1782,CU928145.2,1804262,1804588,-,327,2,6
gene1783,CU928145.2,1804723,1805064,+,342,12,101
gene1784,CU928145.2,1805099,1805659,+,561,9,149
gene1785,CU928145.2,1805662,1806372,-,711,45,155
gene1786,CU928145.2,1806480,1806785,+,306,37,1
gene1787,CU928145.2,1806984,1809410,+,2427,1,20
gene1788,CU928145.2,1809471,1811894,+,2424,13,15
gene1789,CU928145.2,1811905,1812522,+,618,2,3
gene1790,CU928145.2,1812524,1813378,+,855,14,17
gene1791,CU928145.2,1813421,1814035,+,615,6,87
gene1792,CU928145.2,1814230,1815486,+,1257,2,16
gene1793,CU928145.2,1815439,1816134,-,696,12,370
gene1794,CU928145.2,1816259,1817479,-,1221,21,58
gene1795,CU928145.2,1817614,1818507,-,894,4,4
gene1796,CU928145.2,1818614,1819867,+,1254,238,41
gene1797,CU928145.2,1820291,1820599,+,309,3,1
gene1798,CU928145.2,1820875,1821696,+,822,106,56
gene1799,CU928145.2,1821735,1822064,-,330,2,15
gene1800,CU928145.2,1822051,1822416,-,366,1,87
gene1801,CU928145.2,1822828,1823862,+,1035,5,48
gene1802,CU928145.2,1823887,1825275,-,1389,24,209
gene1803,CU928145.2,1825286,1826818,-,1533,25,282
gene1804,CU928145.2,1827342,1828286,+,945,15,87
gene1805,CU928145.2,1828472,1829854,+,1383,29,36
gene1806,CU928145.2,1829891,1830613,+,723,33,14
gene1807,CU928145.2,1830610,1830945,-,336,8,24
gene1808,CU928145.2,1831065,1831793,+,729,27,96
gene1809,CU928145.2,1831797,1833098,+,1302,16,122
gene1810,CU928145.2,1833174,1834103,+,930,20,38
gene1811,CU928145.2,1834100,1835503,-,1404,230,24
gene1812,CU928145.2,1835646,1837292,-,1647,148,162
gene1813,CU928145.2,1837491,1838666,+,1176,35,123
gene1814,CU928145.2,1838767,1840275,+,1509,401,361
gene1815,CU928145.2,1840320,1841585,-,1266,5,5
gene1816,CU928145.2,1841624,1842997,-,1374,2,4
gene1817,CU928145.2,1842994,1844805,-,1812,8,6
gene1818,CU928145.2,1845194,1845784,-,591,40,158
gene1819,CU928145.2,1846013,1846780,-,768,114,101
gene1820,CU928145.2,1846892,1847920,-,1029,7,47
gene1821,CU928145.2,1848095,1849687,+,1593,11,28
gene1822,CU928145.2,1849697,1850869,+,1173,25,50
gene1823,CU928145.2,1850973,1851974,+,1002,92,170
gene1824,CU928145.2,1852009,1853049,-,1041,49,75
gene1825,CU928145.2,1853217,1853417,+,201,13,316
gene1826,CU928145.2,1853690,1853905,+,216,0,324
gene1827,CU928145.2,1853991,1854431,+,441,3,347
gene1828,CU928145.2,1854508,1855089,+,582,5,59
gene1829,CU928145.2,1855089,1855667,+,579,0,33
gene1830,CU928145.2,1855660,1857786,+,2127,3,91
gene1831,CU928145.2,1857787,1858845,+,1059,5,15
gene1832,CU928145.2,1858849,1859469,+,621,0,14
gene1833,CU928145.2,1859473,1860168,+,696,1,15
gene1834,CU928145.2,1860168,1860803,+,636,4,28
gene1835,CU928145.2,1861414,1862916,+,1503,1607,323
gene1836,CU928145.2,1863022,1863627,+,606,162,40
gene1837,CU928145.2,1863671,1864534,-,864,15,50
gene1838,CU928145.2,1864593,1865867,-,1275,54,349
gene1839,CU928145.2,1865996,1866652,-,657,13,83
gene1840,CU928145.2,1866711,1867040,-,330,8,41
gene1841,CU928145.2,1867138,1868247,-,1110,45,60
gene1842,CU928145.2,1868521,1868988,+,468,510,1697
gene1843,CU928145.2,1869035,1869469,-,435,375,1917
gene1844,CU928145.2,1869670,1869906,+,237,20,62
gene1845,CU928145.2,1869909,1870766,+,858,0,27
gene1846,CU928145.2,1870766,1872778,+,2013,59,30
gene1847,CU928145.2,1872779,1873300,-,522,433,9
gene1848,CU928145.2,1873381,1874277,-,897,116,33
gene1849,CU928145.2,1874326,1874736,-,411,170,21
gene1850,CU928145.2,1874752,1875267,+,516,9,10
gene1851,CU928145.2,1875304,1876401,+,1098,8,20
gene1852,CU928145.2,1876482,1876889,+,408,40,118
gene1853,CU928145.2,1876992,1877639,+,648,1,26
gene1854,CU928145.2,1877732,1882348,+,4617,23,34
gene1855,CU928145.2,1882399,1882746,-,348,85,1247
gene1856,CU928145.2,1883080,1883895,+,816,33,106
gene1857,CU928145.2,1884023,1884604,+,582,38,1968
gene1858,CU928145.2,1884750,1885919,-,1170,2,22
gene1859,CU928145.2,1886473,1887498,+,1026,13,155
gene1860,CU928145.2,1887495,1888427,-,933,10,43
gene1861,CU928145.2,1888540,1889751,+,1212,11,252
gene1862,CU928145.2,1890042,1891190,+,1149,815,124
gene1863,CU928145.2,1891230,1891871,-,642,136,1555
gene1864,CU928145.2,1892086,1893459,+,1374,62,64
gene1865,CU928145.2,1893500,1894756,-,1257,171,37
gene1866,CU928145.2,1895064,1895140,+,77,0,2
gene1867,CU928145.2,1895145,1895221,+,77,0,218
gene1868,CU928145.2,1895329,1895634,+,306,76,1088
gene1869,CU928145.2,1895760,1897364,+,1605,64,50
gene1870,CU928145.2,1897376,1898188,-,813,3,2
gene1871,CU928145.2,1898192,1898977,-,786,4,13
gene1872,CU928145.2,1898974,1899642,-,669,2,8
gene1873,CU928145.2,1899706,1900353,-,648,0,4
gene1874,CU928145.2,1900357,1902459,-,2103,3,13
gene1875,CU928145.2,1902480,1903106,-,627,0,19
gene1876,CU928145.2,1903562,1903771,-,210,31,266
gene1877,CU928145.2,1904328,1905740,+,1413,212,967
gene1878,CU928145.2,1906051,1906287,+,237,6330,161743
gene1879,CU928145.2,1906351,1907355,-,1005,1986,158
gene1880,CU928145.2,1907504,1907920,-,417,17,6
gene1881,CU928145.2,1907933,1909153,-,1221,77,7
gene1882,CU928145.2,1909150,1910421,-,1272,96,6
gene1883,CU928145.2,1910396,1911142,-,747,63,5
gene1884,CU928145.2,1911152,1912639,-,1488,187,10
gene1885,CU928145.2,1912648,1913016,-,369,163,5
gene1886,CU928145.2,1913343,1913410,+,68,1,6
gene1887,CU928145.2,1913565,1913834,-,270,51,20
gene1888,CU928145.2,1913853,1914263,-,411,3,17
gene1889,CU928145.2,1914260,1917316,-,3057,24,36
gene1890,CU928145.2,1917705,1918817,+,1113,59,84
gene1891,CU928145.2,1919003,1919103,+,101,421,5
gene1892,CU928145.2,1919246,1919602,+,357,6,9
gene1893,CU928145.2,1919702,1920916,+,1215,4,8
gene1894,CU928145.2,1921143,1922408,+,1266,0,4
gene1895,CU928145.2,1922420,1923286,+,867,0,1
gene1896,CU928145.2,1923317,1924075,+,759,7,27
gene1897,CU928145.2,1924219,1925814,+,1596,1,0
gene1898,CU928145.2,1925828,1926979,+,1152,0,5
gene1899,CU928145.2,1927022,1927933,-,912,3,29
gene1900,CU928145.2,1928036,1928212,-,177,0,4
gene1901,CU928145.2,1928249,1929013,+,765,0,1
gene1902,CU928145.2,1929033,1929971,+,939,2,3
gene1903,CU928145.2,1930027,1931316,+,1290,1,0
gene1904,CU928145.2,1931313,1931606,+,294,0,0
gene1905,CU928145.2,1931609,1933309,+,1701,18,12
gene1906,CU928145.2,1933366,1935744,-,2379,50,13
gene1907,CU928145.2,1936077,1936910,+,834,40,11
gene1908,CU928145.2,1937067,1938113,+,1047,12,22
gene1909,CU928145.2,1938245,1938436,+,192,10,20
gene1910,CU928145.2,1938440,1939876,-,1437,73,37
gene1911,CU928145.2,1939939,1940652,-,714,25,429
gene1912,CU928145.2,1940899,1941363,-,465,21,313
gene1913,CU928145.2,1941441,1942190,-,750,15,16
gene1914,CU928145.2,1942190,1942741,-,552,42,23
gene1915,CU928145.2,1942804,1943784,-,981,7,42
gene1916,CU928145.2,1943885,1944184,-,300,1521,1356
gene1917,CU928145.2,1944189,1946576,-,2388,470,430
gene1918,CU928145.2,1946591,1947574,-,984,9,103
gene1919,CU928145.2,1947857,1947901,-,45,4,4
gene1920,CU928145.2,1948024,1948380,-,357,285,4772
gene1921,CU928145.2,1948433,1948630,-,198,199,4997
gene1922,CU928145.2,1948727,1949161,-,435,717,5843
gene1923,CU928145.2,1949273,1951201,-,1929,299,1577
gene1924,CU928145.2,1951725,1952840,+,1116,6,7
gene1925,CU928145.2,1952862,1953623,+,762,12,9
gene1926,CU928145.2,1953959,1954717,-,759,5,104
gene1927,CU928145.2,1955004,1955933,+,930,74,19
gene1928,CU928145.2,1956034,1956324,+,291,82,1
gene1929,CU928145.2,1956430,1957290,+,861,147,122
gene1930,CU928145.2,1957331,1957867,-,537,638,154
gene1931,CU928145.2,1958014,1958682,+,669,9,149
gene1932,CU928145.2,1958845,1959435,+,591,10,31
gene1933,CU928145.2,1959568,1960959,+,1392,59,98
gene1934,CU928145.2,1960963,1961400,-,438,4,2
gene1935,CU928145.2,1961410,1961778,-,369,0,0
gene1936,CU928145.2,1962055,1962318,-,264,4,18
gene1937,CU928145.2,1962501,1964762,+,2262,135,8
gene1938,CU928145.2,1964809,1965567,-,759,9,17
gene1939,CU928145.2,1965580,1966932,-,1353,4,6
gene1940,CU928145.2,1967037,1967879,-,843,1,50
gene1941,CU928145.2,1967887,1968237,-,351,1,15
gene1942,CU928145.2,1968288,1969646,-,1359,23,98
gene1943,CU928145.2,1969731,1970051,-,321,22,297
gene1944,CU928145.2,1970350,1970688,-,339,8919,715
gene1945,CU928145.2,1970890,1971717,+,828,54,81
gene1946,CU928145.2,1971947,1972834,+,888,42,35
gene1947,CU928145.2,1972794,1973369,-,576,0,41
gene1948,CU928145.2,1973572,1974057,-,486,298,53
gene1949,CU928145.2,1974387,1975355,-,969,141,4
gene1950,CU928145.2,1975348,1976691,-,1344,272,2
gene1951,CU928145.2,1976688,1978166,-,1479,352,4
gene1952,CU928145.2,1978163,1979197,-,1035,279,6
gene1953,CU928145.2,1979194,1980414,-,1221,436,5
gene1954,CU928145.2,1980860,1981666,+,807,32,38
gene1955,CU928145.2,1981833,1982543,+,711,4,14
gene1956,CU928145.2,1982548,1983225,+,678,2,6
gene1957,CU928145.2,1983239,1983946,+,708,11,6
gene1958,CU928145.2,1983946,1984494,+,549,2,3
gene1959,CU928145.2,1984504,1985670,+,1167,3,11
gene1960,CU928145.2,1985688,1987178,+,1491,15,19
gene1961,CU928145.2,1987178,1987831,+,654,2,9
gene1962,CU928145.2,1987898,1989205,+,1308,31,38
gene1963,CU928145.2,1989214,1989834,-,621,7,7
gene1964,CU928145.2,1989921,1990328,+,408,23,130
gene1965,CU928145.2,1990802,1992145,+,1344,24,234
gene1966,CU928145.2,1992262,1993302,-,1041,5,69
gene1967,CU928145.2,1993430,1995391,-,1962,13,91
gene1968,CU928145.2,1995396,1996439,-,1044,25,64
gene1969,CU928145.2,1996381,1996530,-,150,0,3
gene1970,CU928145.2,1996556,1997107,-,552,16,32
gene1971,CU928145.2,1997161,1997325,+,165,0,0
gene1972,CU928145.2,1997268,1999124,+,1857,36,256
gene1973,CU928145.2,1999291,2000307,+,1017,11,61
gene1974,CU928145.2,2000318,2000959,+,642,7,40
gene1975,CU928145.2,2001052,2002410,-,1359,8,18
gene1976,CU928145.2,2002527,2003285,-,759,7,218
gene1977,CU928145.2,2003422,2004402,-,981,1,7
gene1978,CU928145.2,2004412,2005359,-,948,0,1
gene1979,CU928145.2,2005364,2006200,-,837,0,1
gene1980,CU928145.2,2006221,2007198,-,978,1,4
gene1981,CU928145.2,2007280,2008659,-,1380,0,2
gene1982,CU928145.2,2008686,2009762,-,1077,1,4
gene1983,CU928145.2,2010132,2010404,-,273,45,44
gene1984,CU928145.2,2010446,2010859,-,414,166,176
gene1985,CU928145.2,2011201,2012196,+,996,678,7128
gene1986,CU928145.2,2012280,2013164,+,885,8,70
gene1987,CU928145.2,2013215,2014069,-,855,21,59
gene1988,CU928145.2,2014159,2014905,-,747,27,175
gene1989,CU928145.2,2015341,2017275,+,1935,1392,27
gene1990,CU928145.2,2017388,2018671,+,1284,208,6
gene1991,CU928145.2,2018818,2020293,+,1476,11,191
gene1992,CU928145.2,2020474,2021964,+,1491,11,181
gene1993,CU928145.2,2022007,2022510,+,504,7,101
gene1994,CU928145.2,2022511,2022663,-,153,0,4
gene1995,CU928145.2,2022785,2023231,+,447,1,4
gene1996,CU928145.2,2023188,2024009,-,822,7,12
gene1997,CU928145.2,2024106,2025287,+,1182,2,22
gene1998,CU928145.2,2025342,2025689,+,348,12,117
gene1999,CU928145.2,2025711,2025965,-,255,6,108
gene2000,CU928145.2,2026148,2027173,+,1026,40,255
gene2001,CU928145.2,2027440,2027688,-,249,1147,323
gene2002,CU928145.2,2027700,2027885,-,186,1,3
gene2003,CU928145.2,2027915,2029123,-,1209,32,182
gene2004,CU928145.2,2029101,2029247,-,147,0,8
gene2005,CU928145.2,2029578,2029766,-,189,5,4
gene2006,CU928145.2,2029770,2030129,-,360,0,3
gene2007,CU928145.2,2030302,2030940,-,639,21,568
gene2008,CU928145.2,2031067,2031990,-,924,33,16
gene2009,CU928145.2,2032093,2033178,+,1086,5,9
gene2010,CU928145.2,2033594,2035039,+,1446,7,7
gene2011,CU928145.2,2035071,2036195,+,1125,2,5
gene2012,CU928145.2,2036251,2037216,+,966,2,16
gene2013,CU928145.2,2037270,2038397,-,1128,2,30
gene2014,CU928145.2,2038467,2040152,-,1686,785,68
gene2015,CU928145.2,2040357,2040938,-,582,115,36
gene2016,CU928145.2,2040978,2041673,-,696,6,41
gene2017,CU928145.2,2041731,2043641,-,1911,19,48
gene2018,CU928145.2,2043773,2044117,+,345,5,287
gene2019,CU928145.2,2044480,2044839,+,360,279,382
gene2020,CU928145.2,2044959,2045138,-,180,19,199
gene2021,CU928145.2,2045212,2046573,+,1362,3,25
gene2022,CU928145.2,2046577,2047155,+,579,103,7
gene2023,CU928145.2,2047339,2048703,+,1365,105,260
gene2024,CU928145.2,2048834,2050432,+,1599,15,15
gene2025,CU928145.2,2050436,2051992,-,1557,20,117
gene2026,CU928145.2,2052455,2053426,+,972,67,508
gene2027,CU928145.2,2053489,2054289,+,801,22,301
gene2028,CU928145.2,2054293,2055153,+,861,36,417
gene2029,CU928145.2,2055208,2055666,+,459,3,48
gene2030,CU928145.2,2055853,2056098,+,246,0,273
gene2031,CU928145.2,2056095,2056661,+,567,1,80
gene2032,CU928145.2,2056658,2057467,-,810,23,148
gene2033,CU928145.2,2057633,2057842,-,210,263,16658
gene2034,CU928145.2,2057855,2057998,-,144,165,4303
gene2035,CU928145.2,2058668,2058955,-,288,30,821
gene2036,CU928145.2,2059030,2059173,-,144,2,148
gene2037,CU928145.2,2059332,2059571,+,240,64,153
gene2038,CU928145.2,2059868,2060143,+,276,178,1375
gene2039,CU928145.2,2060062,2060565,+,504,8,62
gene2040,CU928145.2,2060500,2061282,-,783,124,205
gene2041,CU928145.2,2061459,2062832,+,1374,1,10
gene2042,CU928145.2,2062878,2063759,-,882,643,594
gene2043,CU928145.2,2063951,2065999,-,2049,71,536
gene2044,CU928145.2,2066019,2066717,-,699,30,360
gene2045,CU928145.2,2066814,2067365,-,552,42,615
gene2046,CU928145.2,2067441,2068724,+,1284,153,125
gene2047,CU928145.2,2068693,2071326,+,2634,41,90
gene2048,CU928145.2,2071406,2072845,+,1440,7,27
gene2049,CU928145.2,2072963,2073199,+,237,470,9
gene2050,CU928145.2,2073220,2073495,+,276,119,23
gene2051,CU928145.2,2073496,2074152,-,657,101,23
gene2052,CU928145.2,2074249,2074497,+,249,936,15
gene2053,CU928145.2,2074347,2074467,-,121,0,0
gene2054,CU928145.2,2074377,2074463,-,87,0,0
gene2055,CU928145.2,2074548,2074889,-,342,42,433
gene2056,CU928145.2,2074902,2075774,-,873,10,81
gene2057,CU928145.2,2075778,2076152,-,375,18,59
gene2058,CU928145.2,2076291,2076521,+,231,25,41
gene2059,CU928145.2,2076623,2077279,+,657,51,32
gene2060,CU928145.2,2077303,2077965,+,663,22,32
gene2061,CU928145.2,2077962,2080022,-,2061,84,29
gene2062,CU928145.2,2080231,2080890,-,660,61,20
gene2063,CU928145.2,2081217,2081585,-,369,54,30
gene2064,CU928145.2,2081640,2081930,-,291,104,146
gene2065,CU928145.2,2082064,2083242,+,1179,6,20
gene2066,CU928145.2,2083298,2083939,-,642,64,239
gene2067,CU928145.2,2083976,2085787,-,1812,56,168
gene2068,CU928145.2,2086022,2087497,-,1476,41,202
gene2069,CU928145.2,2087835,2088704,+,870,46,275
gene2070,CU928145.2,2088832,2090274,+,1443,143,437
gene2071,CU928145.2,2090405,2091376,-,972,43,61
gene2072,CU928145.2,2091496,2092818,-,1323,35,80
gene2073,CU928145.2,2092834,2093766,-,933,35,90
gene2074,CU928145.2,2093845,2094600,+,756,13,84
gene2075,CU928145.2,2094597,2095382,+,786,5,37
gene2076,CU928145.2,2095529,2096539,-,1011,51,57
gene2077,CU928145.2,2096548,2097159,-,612,17,75
gene2078,CU928145.2,2097434,2098036,+,603,7,67
gene2079,CU928145.2,2098038,2098559,-,522,10,65
gene2080,CU928145.2,2098594,2099334,-,741,23,111
gene2081,CU928145.2,2099363,2099806,-,444,2,30
gene2082,CU928145.2,2099808,2101580,-,1773,34,127
gene2083,CU928145.2,2101890,2102456,+,567,4,10
gene2084,CU928145.2,2102453,2103271,+,819,6,14
gene2085,CU928145.2,2103324,2103719,+,396,60,113
gene2086,CU928145.2,2103760,2104503,+,744,3,23
gene2087,CU928145.2,2104500,2105471,+,972,8,58
gene2088,CU928145.2,2105636,2108065,-,2430,29,22
gene2089,CU928145.2,2108090,2109190,-,1101,4,9
gene2090,CU928145.2,2109578,2110324,-,747,636,430
gene2091,CU928145.2,2110338,2110904,-,567,10,29
gene2092,CU928145.2,2111120,2112853,+,1734,61,194
gene2093,CU928145.2,2113030,2113518,+,489,17,162
gene2094,CU928145.2,2113638,2114030,-,393,0,82
gene2095,CU928145.2,2114030,2116108,-,2079,4,188
gene2096,CU928145.2,2116101,2117249,-,1149,0,173
gene2097,CU928145.2,2117451,2118095,-,645,1,88
gene2098,CU928145.2,2118106,2118495,-,390,1,54
gene2099,CU928145.2,2118510,2119559,-,1050,0,72
gene2100,CU928145.2,2119562,2120422,-,861,2,142
gene2101,CU928145.2,2120441,2122042,-,1602,3,321
gene2102,CU928145.2,2122088,2123749,-,1662,8,711
gene2103,CU928145.2,2123797,2123874,+,78,0,3
gene2104,CU928145.2,2123894,2124397,-,504,1,144
gene2105,CU928145.2,2124418,2126382,-,1965,3,329
gene2106,CU928145.2,2126387,2127313,-,927,3,196
gene2107,CU928145.2,2127310,2128197,-,888,1,527
gene2108,CU928145.2,2128324,2128902,-,579,2,123
gene2109,CU928145.2,2128905,2129264,-,360,1,197
gene2110,CU928145.2,2130034,2130462,+,429,23,282
gene2111,CU928145.2,2130469,2131893,-,1425,398,55
gene2112,CU928145.2,2131868,2132668,-,801,911,8
gene2113,CU928145.2,2132835,2133824,-,990,24,6
gene2114,CU928145.2,2133836,2135350,-,1515,9,21
gene2115,CU928145.2,2135420,2136409,-,990,10,13
gene2116,CU928145.2,2137206,2137709,+,504,7,305
gene2117,CU928145.2,2137788,2138039,-,252,12,209
gene2118,CU928145.2,2138120,2138279,-,160,6,2
gene2119,CU928145.2,2138151,2138297,+,147,0,0
gene2120,CU928145.2,2138503,2138826,+,324,1,526
gene2121,CU928145.2,2138998,2139495,+,498,6,1800
gene2122,CU928145.2,2139533,2139772,-,240,32,253
gene2123,CU928145.2,2139962,2141173,+,1212,10,34
gene2124,CU928145.2,2141235,2141900,-,666,20,41
gene2125,CU928145.2,2142257,2143258,-,1002,190,377
gene2126,CU928145.2,2143264,2143611,-,348,1,148
gene2127,CU928145.2,2143641,2144291,-,651,16,498
gene2128,CU928145.2,2144307,2144711,-,405,141,557
gene2129,CU928145.2,2144787,2144993,+,207,0,6
gene2130,CU928145.2,2145010,2145213,+,204,0,4
gene2131,CU928145.2,2145425,2145586,+,162,1,1
gene2132,CU928145.2,2145537,2145875,+,339,0,1
gene2133,CU928145.2,2145884,2146129,+,246,0,2
gene2134,CU928145.2,2146275,2146529,+,255,0,0
gene2135,CU928145.2,2146469,2146771,+,303,0,0
gene2136,CU928145.2,2146913,2147278,+,366,0,0
gene2137,CU928145.2,2147285,2150107,+,2823,2,0
gene2138,CU928145.2,2150184,2151143,+,960,2794,95
gene2139,CU928145.2,2151148,2151462,+,315,3,5
gene2140,CU928145.2,2151482,2151913,+,432,2,7
gene2141,CU928145.2,2151894,2152178,+,285,2,21
gene2142,CU928145.2,2152201,2152587,-,387,0,4
gene2143,CU928145.2,2152690,2153736,-,1047,3,0
gene2144,CU928145.2,2153736,2155487,-,1752,1,11
gene2145,CU928145.2,2155609,2156478,+,870,0,2
gene2146,CU928145.2,2156502,2157554,+,1053,0,0
gene2147,CU928145.2,2157600,2158400,+,801,3,1
gene2148,CU928145.2,2158432,2158998,+,567,1,0
gene2149,CU928145.2,2158982,2159524,+,543,0,0
gene2150,CU928145.2,2158998,2159198,+,201,0,0
gene2151,CU928145.2,2159521,2159913,+,393,0,0
gene2152,CU928145.2,2159766,2160317,+,552,1,0
gene2153,CU928145.2,2160456,2162336,+,1881,22,10
gene2154,CU928145.2,2162360,2162827,+,468,3,4
gene2155,CU928145.2,2162811,2163455,+,645,3,0
gene2156,CU928145.2,2163452,2164033,+,582,0,0
gene2157,CU928145.2,2164030,2164380,+,351,1,1
gene2158,CU928145.2,2164384,2165280,+,897,0,0
gene2159,CU928145.2,2165273,2165881,+,609,1,1
gene2160,CU928145.2,2165878,2167893,+,2016,39,55
gene2161,CU928145.2,2167893,2168471,+,579,30,77
gene2162,CU928145.2,2168515,2169120,-,606,51,324
gene2163,CU928145.2,2169244,2169738,-,495,0,4
gene2164,CU928145.2,2169745,2172561,-,2817,3,8
gene2165,CU928145.2,2172539,2172775,-,237,0,1
gene2166,CU928145.2,2172703,2173077,-,375,0,3
gene2167,CU928145.2,2173133,2173645,-,513,0,1
gene2168,CU928145.2,2173645,2174829,-,1185,0,2
gene2169,CU928145.2,2174855,2176096,+,1242,3,4
gene2170,CU928145.2,2176920,2177315,-,396,436,728
gene2171,CU928145.2,2177740,2177826,-,87,519,382
gene2172,CU928145.2,2177839,2177912,-,74,24,229
gene2173,CU928145.2,2177967,2178042,-,76,34,312
gene2174,CU928145.2,2178194,2178742,-,549,20,286
gene2175,CU928145.2,2178799,2180631,-,1833,78,262
gene2176,CU928145.2,2180628,2181284,-,657,112,412
gene2177,CU928145.2,2181580,2181756,+,177,0,8
gene2178,CU928145.2,2181743,2181967,+,225,3,254
gene2179,CU928145.2,2182035,2182757,-,723,14,212
gene2180,CU928145.2,2182987,2183739,-,753,56,38
gene2181,CU928145.2,2183736,2184404,-,669,8,13
gene2182,CU928145.2,2184419,2185405,-,987,28,21
gene2183,CU928145.2,2185510,2186310,-,801,73,222
gene2184,CU928145.2,2186398,2186949,-,552,12,312
gene2185,CU928145.2,2186995,2187714,-,720,0,1386
gene2186,CU928145.2,2187878,2188927,-,1050,12,4695
gene2187,CU928145.2,2189175,2190590,+,1416,3,630
gene2188,CU928145.2,2190606,2191016,+,411,1,191
gene2189,CU928145.2,2191016,2191381,+,366,2,111
gene2190,CU928145.2,2191459,2192946,+,1488,361,62
gene2191,CU928145.2,2192980,2193393,-,414,39,34
gene2192,CU928145.2,2193580,2194785,+,1206,4,19
gene2193,CU928145.2,2194782,2195015,+,234,4,13
gene2194,CU928145.2,2195124,2195621,+,498,45,17
gene2195,CU928145.2,2195810,2196379,+,570,5,85
gene2196,CU928145.2,2196536,2197333,-,798,25,257
gene2197,CU928145.2,2197343,2197894,-,552,21,174
gene2198,CU928145.2,2198063,2198575,-,513,29,179
gene2199,CU928145.2,2198739,2199053,-,315,14,184
gene2200,CU928145.2,2199268,2200926,+,1659,0,535
gene2201,CU928145.2,2200919,2201914,+,996,2,287
gene2202,CU928145.2,2201907,2202593,+,687,2,121
gene2203,CU928145.2,2202593,2203966,+,1374,1,181
gene2204,CU928145.2,2203985,2204428,+,444,0,65
gene2205,CU928145.2,2204425,2205552,+,1128,2,98
gene2206,CU928145.2,2205657,2206121,+,465,0,212
gene2207,CU928145.2,2206126,2207130,+,1005,3,249
gene2208,CU928145.2,2207127,2207540,+,414,0,148
gene2209,CU928145.2,2207543,2207908,+,366,0,111
gene2210,CU928145.2,2207908,2208645,+,738,1,77
gene2211,CU928145.2,2208655,2208924,+,270,0,27
gene2212,CU928145.2,2208933,2209718,+,786,5,109
gene2213,CU928145.2,2210008,2210631,+,624,16,118
gene2214,CU928145.2,2210675,2210863,-,189,0,0
gene2215,CU928145.2,2210677,2210883,-,207,0,0
gene2216,CU928145.2,2211026,2211253,+,228,18411,35
gene2217,CU928145.2,2211267,2211353,-,87,33,0
gene2218,CU928145.2,2211552,2212367,+,816,110,5
gene2219,CU928145.2,2212364,2213119,-,756,6,11
gene2220,CU928145.2,2213123,2214058,-,936,31,28
gene2221,CU928145.2,2213979,2214167,-,189,2,1
gene2222,CU928145.2,2214229,2214411,-,183,19,3
gene2223,CU928145.2,2214490,2215407,-,918,45,8
gene2224,CU928145.2,2215580,2216500,+,921,0,4
gene2225,CU928145.2,2216489,2216959,-,471,0,5
gene2226,CU928145.2,2216940,2218358,-,1419,20,55
gene2227,CU928145.2,2218425,2219120,-,696,18,26
gene2228,CU928145.2,2219160,2219525,-,366,14,1
gene2229,CU928145.2,2219690,2219779,+,90,2,0
gene2230,CU928145.2,2220021,2220482,+,462,0,23
gene2231,CU928145.2,2220476,2221150,+,675,10,83
gene2232,CU928145.2,2221202,2221552,+,351,13,71
gene2233,CU928145.2,2221472,2222623,-,1152,13,171
gene2234,CU928145.2,2222076,2222120,+,45,0,0
gene2235,CU928145.2,2222763,2223581,+,819,10,124
gene2236,CU928145.2,2224087,2224590,-,504,25,190
gene2237,CU928145.2,2224509,2224784,-,276,178,1373
gene2238,CU928145.2,2224870,2225721,+,852,7,44
gene2239,CU928145.2,2225819,2227177,-,1359,9,476
gene2240,CU928145.2,2227177,2227848,-,672,6,118
gene2241,CU928145.2,2227981,2228394,+,414,1,42
gene2242,CU928145.2,2228503,2229507,+,1005,29,4
gene2243,CU928145.2,2229508,2230143,+,636,3,11
gene2244,CU928145.2,2230400,2231050,+,651,12,377
gene2245,CU928145.2,2231720,2231809,-,90,13,153
gene2246,CU928145.2,2231903,2232700,+,798,22,157
gene2247,CU928145.2,2232801,2232876,+,76,2,38
gene2248,CU928145.2,2233038,2234300,+,1263,276,306
gene2249,CU928145.2,2234494,2235798,-,1305,4,34
gene2250,CU928145.2,2235826,2237229,-,1404,2,2
gene2251,CU928145.2,2237099,2238928,-,1830,7,3
gene2252,CU928145.2,2238888,2240690,-,1803,5,2
gene2253,CU928145.2,2240857,2241816,+,960,100,8
gene2254,CU928145.2,2241989,2248114,+,6126,17,11
gene2255,CU928145.2,2248202,2257693,+,9492,28,19
gene2256,CU928145.2,2257630,2258790,+,1161,0,1
gene2257,CU928145.2,2258787,2259590,+,804,0,0
gene2258,CU928145.2,2259594,2261171,+,1578,5,9
gene2259,CU928145.2,2261302,2263323,+,2022,14,10
gene2260,CU928145.2,2263995,2264723,+,729,12,1
gene2261,CU928145.2,2264650,2264820,+,171,0,1
gene2262,CU928145.2,2264856,2266118,+,1263,28,58
gene2263,CU928145.2,2266167,2266814,+,648,7,9
gene2264,CU928145.2,2266942,2268057,-,1116,1,29
gene2265,CU928145.2,2268309,2269625,+,1317,12,229
gene2266,CU928145.2,2269727,2271181,+,1455,24,124
gene2267,CU928145.2,2271524,2272240,+,717,12,3459
gene2268,CU928145.2,2272692,2272767,-,76,4,31
gene2269,CU928145.2,2272868,2274508,-,1641,47,23
gene2270,CU928145.2,2274516,2274591,+,76,1,5
gene2271,CU928145.2,2274629,2275579,-,951,111,35
gene2272,CU928145.2,2275681,2276598,-,918,5,14
gene2273,CU928145.2,2276925,2277000,+,76,1,11
gene2274,CU928145.2,2277056,2277988,-,933,195,105
gene2275,CU928145.2,2278053,2279132,-,1080,6,20
gene2276,CU928145.2,2279144,2279887,-,744,2,5
gene2277,CU928145.2,2279884,2280429,-,546,11,15
gene2278,CU928145.2,2280563,2280703,-,141,3,6
gene2279,CU928145.2,2280894,2281058,-,165,1,13
gene2280,CU928145.2,2282184,2282300,+,117,0,3
gene2281,CU928145.2,2282496,2283710,+,1215,10,10
gene2282,CU928145.2,2283724,2284482,+,759,0,52
gene2283,CU928145.2,2284539,2285147,+,609,1,10
gene2284,CU928145.2,2285241,2285504,+,264,0,0
gene2285,CU928145.2,2285507,2286541,+,1035,4,18
gene2286,CU928145.2,2286581,2286694,-,114,1,2
gene2287,CU928145.2,2286685,2286909,-,225,3,2
gene2288,CU928145.2,2286953,2287114,-,162,1,9
gene2289,CU928145.2,2287193,2288572,-,1380,19,17
gene2290,CU928145.2,2288856,2289353,-,498,9,4
gene2291,CU928145.2,2289254,2289661,-,408,0,0
gene2292,CU928145.2,2289915,2290520,-,606,1,1
gene2293,CU928145.2,2291810,2292217,+,408,2,2
gene2294,CU928145.2,2292296,2292913,+,618,16,8
gene2295,CU928145.2,2293341,2293601,+,261,7,6
gene2296,CU928145.2,2293651,2293740,-,90,0,0
gene2297,CU928145.2,2293872,2295407,-,1536,5,16
gene2298,CU928145.2,2295457,2295804,-,348,0,0
gene2299,CU928145.2,2297740,2298903,+,1164,38,120
gene2300,CU928145.2,2298948,2299628,+,681,0,5
gene2301,CU928145.2,2299472,2299858,+,387,1,2
gene2302,CU928145.2,2300076,2302472,+,2397,4,11
gene2303,CU928145.2,2302469,2303374,+,906,3,5
gene2304,CU928145.2,2303371,2304441,+,1071,1,2
gene2305,CU928145.2,2304469,2305260,+,792,4,10
gene2306,CU928145.2,2305276,2305686,+,411,7,21
gene2307,CU928145.2,2305907,2306728,+,822,1,2
gene2308,CU928145.2,2306810,2307289,+,480,1,2
gene2309,CU928145.2,2307335,2307781,+,447,1,3
gene2310,CU928145.2,2307844,2308065,+,222,1,1
gene2311,CU928145.2,2308139,2308507,+,369,0,6
gene2312,CU928145.2,2308596,2308859,+,264,58,19
gene2313,CU928145.2,2308966,2309160,+,195,5,17
gene2314,CU928145.2,2309601,2309957,+,357,12,50
gene2315,CU928145.2,2310058,2310453,-,396,115,5570
gene2316,CU928145.2,2310559,2311617,-,1059,54,32
gene2317,CU928145.2,2311815,2312288,-,474,319,33
gene2318,CU928145.2,2312407,2313573,-,1167,6,11
gene2319,CU928145.2,2313782,2315209,+,1428,22,45
gene2320,CU928145.2,2315252,2315479,-,228,16,8
gene2321,CU928145.2,2315493,2316551,-,1059,45,4
gene2322,CU928145.2,2316730,2318088,-,1359,6,263
gene2323,CU928145.2,2318355,2319284,-,930,65,20
gene2324,CU928145.2,2319330,2320154,-,825,97,57
gene2325,CU928145.2,2320237,2320491,-,255,9,48
gene2326,CU928145.2,2320488,2320739,-,252,42,166
gene2327,CU928145.2,2321023,2321073,+,51,1,0
gene2328,CU928145.2,2321049,2321172,+,124,47,274
gene2329,CU928145.2,2321219,2322118,+,900,3,50
gene2330,CU928145.2,2322124,2323428,+,1305,2,36
gene2331,CU928145.2,2323425,2324495,+,1071,1,21
gene2332,CU928145.2,2324495,2325562,+,1068,3,31
gene2333,CU928145.2,2325562,2326152,+,591,2,7
gene2334,CU928145.2,2326152,2326889,+,738,7,10
gene2335,CU928145.2,2326871,2327647,+,777,7,22
gene2336,CU928145.2,2327641,2328252,+,612,15,69
gene2337,CU928145.2,2328350,2329330,-,981,376,810
gene2338,CU928145.2,2329474,2330640,-,1167,71,105
gene2339,CU928145.2,2330888,2332294,-,1407,414,1304
gene2340,CU928145.2,2332415,2333233,-,819,261,1120
gene2341,CU928145.2,2333246,2334541,-,1296,1790,1563
gene2342,CU928145.2,2334523,2335746,-,1224,994,1893
gene2343,CU928145.2,2336861,2337811,-,951,422,1221
gene2344,CU928145.2,2337896,2339059,-,1164,1194,3202
gene2345,CU928145.2,2339056,2340321,-,1266,871,4382
gene2346,CU928145.2,2340327,2341367,-,1041,842,5808
gene2347,CU928145.2,2341372,2341992,-,621,515,2493
gene2348,CU928145.2,2342353,2343246,-,894,671,697
gene2349,CU928145.2,2343489,2344484,-,996,190,1781
gene2350,CU928145.2,2344642,2346036,-,1395,1,21
gene2351,CU928145.2,2346047,2347267,-,1221,0,0
gene2352,CU928145.2,2347264,2348544,-,1281,3,8
gene2353,CU928145.2,2348829,2350307,-,1479,0,1
gene2354,CU928145.2,2350309,2351703,-,1395,0,2
gene2355,CU928145.2,2351758,2353128,-,1371,3,3
gene2356,CU928145.2,2353497,2354933,-,1437,0,1
gene2357,CU928145.2,2354936,2356159,-,1224,1,1
gene2358,CU928145.2,2356156,2356635,-,480,0,0
gene2359,CU928145.2,2356638,2357603,-,966,0,1
gene2360,CU928145.2,2357606,2358727,-,1122,0,4
gene2361,CU928145.2,2358754,2359302,-,549,0,2
gene2362,CU928145.2,2359318,2360064,-,747,0,1
gene2363,CU928145.2,2360075,2361292,-,1218,0,3
gene2364,CU928145.2,2361267,2362484,-,1218,1,3
gene2365,CU928145.2,2362481,2362969,-,489,0,1
gene2366,CU928145.2,2362972,2363811,-,840,0,13
gene2367,CU928145.2,2363989,2366151,-,2163,3,5
gene2368,CU928145.2,2366154,2366597,-,444,0,0
gene2369,CU928145.2,2366603,2367742,-,1140,2,1
gene2370,CU928145.2,2368401,2369984,+,1584,31,124
gene2371,CU928145.2,2370258,2372111,-,1854,34,290
gene2372,CU928145.2,2372133,2372714,-,582,28,181
gene2373,CU928145.2,2372806,2373447,-,642,2,101
gene2374,CU928145.2,2373765,2377082,+,3318,98,79
gene2375,CU928145.2,2377121,2377978,-,858,10,12
gene2376,CU928145.2,2378112,2379464,+,1353,7,17
gene2377,CU928145.2,2379476,2381425,-,1950,10,12
gene2378,CU928145.2,2381413,2382174,-,762,4,6
gene2379,CU928145.2,2382171,2382830,-,660,0,0
gene2380,CU928145.2,2382995,2383122,+,128,0,0
gene2381,CU928145.2,2383001,2383124,+,124,0,1
gene2382,CU928145.2,2383640,2383782,+,143,139,51
gene2383,CU928145.2,2384046,2385293,+,1248,16,3
gene2384,CU928145.2,2385293,2388415,+,3123,20,26
gene2385,CU928145.2,2388416,2391493,+,3078,20,15
gene2386,CU928145.2,2391494,2392909,+,1416,3,11
gene2387,CU928145.2,2392906,2394309,+,1404,7,17
gene2388,CU928145.2,2394306,2395028,+,723,53,30
gene2389,CU928145.2,2395219,2395551,+,333,716,7
gene2390,CU928145.2,2395760,2396056,+,297,43,80
gene2391,CU928145.2,2396058,2396354,+,297,58,118
gene2392,CU928145.2,2396457,2397818,+,1362,3,27
gene2393,CU928145.2,2397901,2397986,+,86,0,18
gene2394,CU928145.2,2398011,2398160,-,150,0,3
gene2395,CU928145.2,2398148,2398465,-,318,0,8
gene2396,CU928145.2,2398880,2399779,+,900,100,8
gene2397,CU928145.2,2399861,2400640,-,780,8,108
gene2398,CU928145.2,2400740,2401780,-,1041,1,2
gene2399,CU928145.2,2401828,2403183,-,1356,2,2
gene2400,CU928145.2,2403187,2403471,-,285,1,1
gene2401,CU928145.2,2403502,2403954,-,453,0,0
gene2402,CU928145.2,2403964,2404800,-,837,1,0
gene2403,CU928145.2,2404742,2405221,-,480,1,0
gene2404,CU928145.2,2405250,2406104,-,855,0,0
gene2405,CU928145.2,2406414,2407466,-,1053,455,11
gene2406,CU928145.2,2407723,2409000,+,1278,4,9
gene2407,CU928145.2,2408997,2410001,+,1005,2,12
gene2408,CU928145.2,2409998,2410963,+,966,1,9
gene2409,CU928145.2,2410937,2411683,-,747,4,21
gene2410,CU928145.2,2411735,2412553,-,819,2,3
gene2411,CU928145.2,2412618,2413418,-,801,6,13
gene2412,CU928145.2,2413415,2414203,-,789,0,15
gene2413,CU928145.2,2414238,2414334,-,97,0,12
gene2414,CU928145.2,2414426,2414698,-,273,2,17
gene2415,CU928145.2,2414819,2415643,+,825,3,11
gene2416,CU928145.2,2415682,2416200,+,519,30,49
gene2417,CU928145.2,2416282,2417316,-,1035,0,18
gene2418,CU928145.2,2417332,2419812,-,2481,0,21
gene2419,CU928145.2,2419828,2420502,-,675,0,2
gene2420,CU928145.2,2420583,2421125,-,543,0,81
gene2421,CU928145.2,2421418,2421699,-,282,16,82
gene2422,CU928145.2,2421962,2423071,-,1110,64,214
gene2423,CU928145.2,2423203,2425236,+,2034,27,179
gene2424,CU928145.2,2425377,2426381,+,1005,7,29
gene2425,CU928145.2,2426410,2426685,+,276,75,1171
gene2426,CU928145.2,2426604,2427107,+,504,26,201
gene2427,CU928145.2,2427226,2427696,-,471,139,655
gene2428,CU928145.2,2427743,2428462,-,720,7,137
gene2429,CU928145.2,2428459,2430144,-,1686,13,302
gene2430,CU928145.2,2430366,2431097,+,732,394,18
gene2431,CU928145.2,2431157,2431264,+,108,3,2
gene2432,CU928145.2,2431245,2431976,-,732,16,19
gene2433,CU928145.2,2431981,2432907,-,927,25,7
gene2434,CU928145.2,2432900,2434057,-,1158,49,5
gene2435,CU928145.2,2434064,2434981,-,918,406,23
gene2436,CU928145.2,2435192,2437489,-,2298,69,209
gene2437,CU928145.2,2437685,2439400,+,1716,73,167
gene2438,CU928145.2,2439438,2440370,-,933,16,206
gene2439,CU928145.2,2440544,2441131,-,588,2960,4
gene2440,CU928145.2,2441301,2441879,+,579,156,33
gene2441,CU928145.2,2442009,2442770,-,762,340,6
gene2442,CU928145.2,2442823,2443911,-,1089,0,1
gene2443,CU928145.2,2444939,2445886,-,948,15,29
gene2444,CU928145.2,2446125,2446523,+,399,44,59
gene2445,CU928145.2,2446520,2447215,+,696,52,88
gene2446,CU928145.2,2447345,2448229,+,885,8,159
gene2447,CU928145.2,2448379,2449098,+,720,3,95
gene2448,CU928145.2,2449101,2449340,+,240,3,170
gene2449,CU928145.2,2449659,2450897,+,1239,2,46
gene2450,CU928145.2,2450920,2452125,+,1206,2,20
gene2451,CU928145.2,2452196,2453206,-,1011,2,158
gene2452,CU928145.2,2453222,2454742,-,1521,3,74
gene2453,CU928145.2,2454803,2455801,-,999,17,169
gene2454,CU928145.2,2456081,2457121,-,1041,38,6
gene2455,CU928145.2,2457111,2457314,+,204,0,4
gene2456,CU928145.2,2457263,2458420,-,1158,1,22
gene2457,CU928145.2,2458437,2459105,-,669,10,89
gene2458,CU928145.2,2459259,2459435,+,177,34,0
gene2459,CU928145.2,2459363,2460199,+,837,13,8
gene2460,CU928145.2,2460231,2462222,-,1992,10,23
gene2461,CU928145.2,2462215,2462418,-,204,1,4
gene2462,CU928145.2,2462515,2463984,-,1470,95,109
gene2463,CU928145.2,2464189,2465070,-,882,47,65
gene2464,CU928145.2,2465169,2466218,+,1050,11,21
gene2465,CU928145.2,2466292,2467149,+,858,16,34
gene2466,CU928145.2,2467153,2468241,+,1089,48,49
gene2467,CU928145.2,2468297,2469547,-,1251,5,9
gene2468,CU928145.2,2469647,2470588,-,942,2,2
gene2469,CU928145.2,2470757,2471416,+,660,9,9
gene2470,CU928145.2,2471484,2472734,-,1251,7,9
gene2471,CU928145.2,2472828,2473766,-,939,5,3
gene2472,CU928145.2,2473754,2474695,-,942,1,1
gene2473,CU928145.2,2475119,2476810,-,1692,61,699
gene2474,CU928145.2,2476827,2477765,-,939,32,121
gene2475,CU928145.2,2477765,2478895,-,1131,13,35
gene2476,CU928145.2,2479263,2480444,+,1182,1,17
gene2477,CU928145.2,2480441,2480827,-,387,1,3
gene2478,CU928145.2,2480595,2481422,+,828,13,45
gene2479,CU928145.2,2481645,2483111,+,1467,50,40
gene2480,CU928145.2,2483229,2484215,+,987,9,49
gene2481,CU928145.2,2484254,2484967,+,714,2,163
gene2482,CU928145.2,2485379,2485945,+,567,11,4241
gene2483,CU928145.2,2486126,2487682,+,1557,14,196
gene2484,CU928145.2,2487764,2489578,+,1815,40,140
gene2485,CU928145.2,2489579,2490673,+,1095,3,47
gene2486,CU928145.2,2490673,2491698,+,1026,9,29
gene2487,CU928145.2,2491700,2493289,+,1590,24,71
gene2488,CU928145.2,2493293,2493637,-,345,343,253
gene2489,CU928145.2,2493970,2495160,-,1191,52,92
gene2490,CU928145.2,2495188,2495883,-,696,30,103
gene2491,CU928145.2,2496032,2497792,+,1761,12,22
gene2492,CU928145.2,2497917,2498201,+,285,10,261
gene2493,CU928145.2,2498340,2499347,-,1008,7,49
gene2494,CU928145.2,2499529,2499756,+,228,51,103
gene2495,CU928145.2,2499776,2501536,+,1761,58,203
gene2496,CU928145.2,2501611,2501687,+,77,3,10
gene2497,CU928145.2,2501666,2501827,-,162,3,0
gene2498,CU928145.2,2501791,2502003,-,213,4,5
gene2499,CU928145.2,2502016,2504331,-,2316,38,58
gene2500,CU928145.2,2504702,2505349,+,648,7,46
gene2501,CU928145.2,2505384,2506436,-,1053,10,25
gene2502,CU928145.2,2506433,2506990,-,558,2,5
gene2503,CU928145.2,2506987,2508930,-,1944,4,22
gene2504,CU928145.2,2508927,2509406,-,480,3,12
gene2505,CU928145.2,2509403,2509612,-,210,0,4
gene2506,CU928145.2,2509609,2510346,-,738,0,71
gene2507,CU928145.2,2510388,2511050,-,663,2,21
gene2508,CU928145.2,2511047,2511670,-,624,9,118
gene2509,CU928145.2,2511683,2512285,-,603,6,100
gene2510,CU928145.2,2512295,2512744,-,450,1,40
gene2511,CU928145.2,2512741,2513604,-,864,0,115
gene2512,CU928145.2,2513591,2514286,-,696,0,83
gene2513,CU928145.2,2514293,2516779,-,2487,3,587
gene2514,CU928145.2,2516776,2517039,-,264,0,35
gene2515,CU928145.2,2517029,2517523,-,495,1,343
gene2516,CU928145.2,2517623,2517796,+,174,5,3
gene2517,CU928145.2,2517931,2518419,+,489,26,100
gene2518,CU928145.2,2518568,2520214,-,1647,13,42
gene2519,CU928145.2,2520432,2522075,-,1644,9,29
gene2520,CU928145.2,2522151,2522801,-,651,4,2
gene2521,CU928145.2,2522801,2523865,-,1065,53,12
gene2522,CU928145.2,2523939,2524994,-,1056,0,22
gene2523,CU928145.2,2525106,2526209,-,1104,656,1978
gene2524,CU928145.2,2526544,2526636,+,93,14,6
gene2525,CU928145.2,2526948,2529620,+,2673,129,495
gene2526,CU928145.2,2529637,2530287,+,651,120,766
gene2527,CU928145.2,2530487,2533288,-,2802,100,360
gene2528,CU928145.2,2533611,2534387,-,777,1,7
gene2529,CU928145.2,2534392,2536041,-,1650,4,8
gene2530,CU928145.2,2536042,2540661,-,4620,33,50
gene2531,CU928145.2,2540580,2541203,-,624,1,2
gene2532,CU928145.2,2541200,2542888,-,1689,4,18
gene2533,CU928145.2,2543037,2545664,-,2628,100,380
gene2534,CU928145.2,2545811,2546533,+,723,28,31
gene2535,CU928145.2,2546661,2550395,-,3735,13,25
gene2536,CU928145.2,2551091,2553376,+,2286,8,256
gene2537,CU928145.2,2553465,2554595,+,1131,9,118
gene2538,CU928145.2,2554595,2554849,+,255,1,14
gene2539,CU928145.2,2554903,2555553,-,651,78,49
gene2540,CU928145.2,2555633,2555716,-,84,0,4
gene2541,CU928145.2,2555768,2555974,+,207,2,29
gene2542,CU928145.2,2556016,2557092,-,1077,338,1314
gene2543,CU928145.2,2557097,2558455,-,1359,7,429
gene2544,CU928145.2,2558728,2560356,+,1629,0,249
gene2545,CU928145.2,2560346,2561605,+,1260,1,69
gene2546,CU928145.2,2561602,2562792,+,1191,2,65
gene2547,CU928145.2,2562986,2563888,+,903,6,20
gene2548,CU928145.2,2563929,2564441,-,513,1,6
gene2549,CU928145.2,2564454,2565656,-,1203,34,32
gene2550,CU928145.2,2565756,2566298,-,543,3,2
gene2551,CU928145.2,2566577,2567002,+,426,2,263
gene2552,CU928145.2,2567041,2567643,-,603,5,84
gene2553,CU928145.2,2567933,2569090,+,1158,53,25
gene2554,CU928145.2,2569094,2570062,+,969,6,14
gene2555,CU928145.2,2570062,2572044,+,1983,6,12
gene2556,CU928145.2,2572041,2572931,+,891,8,6
gene2557,CU928145.2,2572931,2574583,+,1653,16,19
gene2558,CU928145.2,2574580,2574915,+,336,4,5
gene2559,CU928145.2,2574915,2575301,+,387,152,96
gene2560,CU928145.2,2575295,2575561,-,267,67,138
gene2561,CU928145.2,2575671,2577026,-,1356,13,31
gene2562,CU928145.2,2577023,2577985,-,963,9,27
gene2563,CU928145.2,2577985,2578842,-,858,21,38
gene2564,CU928145.2,2578857,2579615,-,759,3,10
gene2565,CU928145.2,2579612,2581282,-,1671,8,63
gene2566,CU928145.2,2581371,2582666,-,1296,88,100
gene2567,CU928145.2,2582745,2583050,-,306,788,36
gene2568,CU928145.2,2583105,2583566,-,462,25,24
gene2569,CU928145.2,2583631,2584548,+,918,13,34
gene2570,CU928145.2,2584736,2585956,+,1221,5,24
gene2571,CU928145.2,2586601,2586951,+,351,0,5
gene2572,CU928145.2,2587077,2587580,+,504,4,41
gene2573,CU928145.2,2587647,2589104,-,1458,35,212
gene2574,CU928145.2,2589111,2590640,-,1530,9,142
gene2575,CU928145.2,2590804,2592645,-,1842,17,176
gene2576,CU928145.2,2592642,2592944,-,303,1,19
gene2577,CU928145.2,2592941,2593495,-,555,8,41
gene2578,CU928145.2,2593507,2594049,-,543,8,53
gene2579,CU928145.2,2594064,2595041,-,978,20,137
gene2580,CU928145.2,2595038,2597770,-,2733,82,370
gene2581,CU928145.2,2597817,2599154,-,1338,24,124
gene2582,CU928145.2,2599151,2599651,-,501,20,80
gene2583,CU928145.2,2599654,2601456,-,1803,50,199
gene2584,CU928145.2,2601550,2602212,-,663,55,280
gene2585,CU928145.2,2602228,2602671,-,444,87,576
gene2586,CU928145.2,2603302,2604240,-,939,1203,305
gene2587,CU928145.2,2605160,2606377,+,1218,9,105
gene2588,CU928145.2,2606461,2607060,+,600,9,71
gene2589,CU928145.2,2607119,2608951,-,1833,10,108
gene2590,CU928145.2,2609038,2609688,-,651,26,115
gene2591,CU928145.2,2609699,2610193,-,495,18,248
gene2592,CU928145.2,2610276,2610731,-,456,346,88
gene2593,CU928145.2,2611069,2612271,+,1203,465,629
gene2594,CU928145.2,2612346,2614490,+,2145,82,279
gene2595,CU928145.2,2614680,2616200,+,1521,0,91
gene2596,CU928145.2,2616233,2616775,-,543,16,66
gene2597,CU928145.2,2616833,2617387,-,555,18,109
gene2598,CU928145.2,2617440,2618084,-,645,7,8
gene2599,CU928145.2,2618220,2618867,+,648,68,11
gene2600,CU928145.2,2618924,2619286,+,363,37,53
gene2601,CU928145.2,2619307,2620200,+,894,202,126
gene2602,CU928145.2,2620248,2621150,-,903,15,83
gene2603,CU928145.2,2621347,2622120,-,774,3,35
gene2604,CU928145.2,2622128,2622844,-,717,4,13
gene2605,CU928145.2,2622841,2623527,-,687,13,10
gene2606,CU928145.2,2623617,2624399,-,783,69,65
gene2607,CU928145.2,2624620,2625402,-,783,222,26
gene2608,CU928145.2,2625668,2626237,-,570,4,30
gene2609,CU928145.2,2626332,2627849,-,1518,35,49
gene2610,CU928145.2,2627886,2628374,-,489,21,35
gene2611,CU928145.2,2628633,2629295,-,663,47,56
gene2612,CU928145.2,2629285,2630553,-,1269,56,64
gene2613,CU928145.2,2630623,2631537,-,915,66,434
gene2614,CU928145.2,2631693,2632352,-,660,10,31
gene2615,CU928145.2,2632435,2633247,-,813,9,11
gene2616,CU928145.2,2633247,2634260,-,1014,4,32
gene2617,CU928145.2,2634326,2635462,-,1137,45,56
gene2618,CU928145.2,2635561,2636556,+,996,4,22
gene2619,CU928145.2,2636553,2637731,-,1179,2,21
gene2620,CU928145.2,2638024,2639244,-,1221,215,650
gene2621,CU928145.2,2639403,2641409,+,2007,10,82
gene2622,CU928145.2,2641530,2641808,-,279,5,229
gene2623,CU928145.2,2641842,2642390,-,549,5,67
gene2624,CU928145.2,2642390,2643199,-,810,1,45
gene2625,CU928145.2,2643199,2644023,-,825,2,21
gene2626,CU928145.2,2644027,2645112,-,1086,20,51
gene2627,CU928145.2,2645147,2646079,-,933,12,118
gene2628,CU928145.2,2646245,2646796,+,552,41,146
gene2629,CU928145.2,2646990,2647970,-,981,182,547
gene2630,CU928145.2,2648197,2649069,-,873,20,121
gene2631,CU928145.2,2649056,2649580,-,525,1,7
gene2632,CU928145.2,2649577,2650047,-,471,1,9
gene2633,CU928145.2,2650044,2650658,-,615,3,13
gene2634,CU928145.2,2650567,2651319,-,753,0,1
gene2635,CU928145.2,2651339,2653981,-,2643,34,45
gene2636,CU928145.2,2654063,2654626,-,564,2,29
gene2637,CU928145.2,2655301,2655786,-,486,501,177
gene2638,CU928145.2,2655989,2658133,-,2145,73,25
gene2639,CU928145.2,2658133,2659443,-,1311,32,6
gene2640,CU928145.2,2659623,2659907,-,285,51,1195
gene2641,CU928145.2,2660273,2661619,+,1347,189,226
gene2642,CU928145.2,2661985,2663043,+,1059,5,37
gene2643,CU928145.2,2663225,2663980,-,756,100,154
gene2644,CU928145.2,2664006,2664176,-,171,48,21
gene2645,CU928145.2,2664274,2665206,+,933,42,33
gene2646,CU928145.2,2665282,2665356,+,75,18,39
gene2647,CU928145.2,2665518,2666675,+,1158,17,396
gene2648,CU928145.2,2666884,2668806,+,1923,57,1817
gene2649,CU928145.2,2668877,2670856,-,1980,183,236
gene2650,CU928145.2,2670908,2671246,+,339,50,517
gene2651,CU928145.2,2671482,2672261,-,780,25,237
gene2652,CU928145.2,2672299,2673009,-,711,53,155
gene2653,CU928145.2,2672999,2673187,-,189,6,20
gene2654,CU928145.2,2673284,2673604,+,321,33,1115
gene2655,CU928145.2,2673688,2673882,+,195,7706,2226
gene2656,CU928145.2,2673896,2674261,-,366,9,177
gene2657,CU928145.2,2674516,2676639,-,2124,55,466
gene2658,CU928145.2,2676624,2677967,-,1344,25,59
gene2659,CU928145.2,2677978,2678670,-,693,6,20
gene2660,CU928145.2,2678673,2679131,-,459,17,20
gene2661,CU928145.2,2679128,2679976,-,849,27,47
gene2662,CU928145.2,2679976,2681394,-,1419,81,130
gene2663,CU928145.2,2681403,2681885,-,483,8,62
gene2664,CU928145.2,2681860,2682045,-,186,2,15
gene2665,CU928145.2,2682088,2683359,-,1272,50,323
gene2666,CU928145.2,2683371,2684255,-,885,25,188
gene2667,CU928145.2,2684269,2686467,-,2199,67,158
gene2668,CU928145.2,2686398,2687810,-,1413,87,87
gene2669,CU928145.2,2687807,2688232,-,426,12,43
gene2670,CU928145.2,2688312,2688554,-,243,12,71
gene2671,CU928145.2,2688658,2689038,-,381,10,80
gene2672,CU928145.2,2689272,2689751,-,480,8,127
gene2673,CU928145.2,2689973,2690422,-,450,15,65
gene2674,CU928145.2,2690407,2690904,-,498,11,29
gene2675,CU928145.2,2690882,2691085,-,204,5,17
gene2676,CU928145.2,2691335,2691448,+,114,165,40
gene2677,CU928145.2,2691570,2691842,+,273,897,672
gene2678,CU928145.2,2691876,2692364,-,489,48,13
gene2679,CU928145.2,2692546,2692908,-,363,1,4
gene2680,CU928145.2,2692905,2693195,-,291,0,7
gene2681,CU928145.2,2693195,2693917,-,723,3,4
gene2682,CU928145.2,2693910,2694080,-,171,1,0
gene2683,CU928145.2,2694256,2694666,-,411,2,6
gene2684,CU928145.2,2694866,2695180,-,315,0,6
gene2685,CU928145.2,2695198,2695404,-,207,0,4
gene2686,CU928145.2,2695480,2696931,-,1452,13,15
gene2687,CU928145.2,2696906,2697796,-,891,43,45
gene2688,CU928145.2,2697783,2697944,-,162,3,10
gene2689,CU928145.2,2697979,2698344,-,366,17,39
gene2690,CU928145.2,2698366,2698551,-,186,2,15
gene2691,CU928145.2,2698632,2699282,+,651,581,1441
gene2692,CU928145.2,2699454,2699639,-,186,9,20
gene2693,CU928145.2,2700054,2700353,+,300,4,12
gene2694,CU928145.2,2700362,2700832,+,471,4,73
gene2695,CU928145.2,2700922,2701197,+,276,0,5
gene2696,CU928145.2,2701164,2701364,+,201,1,0
gene2697,CU928145.2,2701273,2701443,+,171,0,0
gene2698,CU928145.2,2701424,2702059,+,636,3,18
gene2699,CU928145.2,2701969,2702442,+,474,2,15
gene2700,CU928145.2,2702466,2702762,+,297,1,9
gene2701,CU928145.2,2702773,2703063,+,291,1,3
gene2702,CU928145.2,2703224,2703895,+,672,2,18
gene2703,CU928145.2,2704068,2704256,+,189,3,7
gene2704,CU928145.2,2704258,2704467,+,210,0,0
gene2705,CU928145.2,2704464,2705093,+,630,11,36
gene2706,CU928145.2,2705501,2705701,+,201,7,51
gene2707,CU928145.2,2706231,2707478,-,1248,2,26
gene2708,CU928145.2,2707550,2708464,-,915,1,6
gene2709,CU928145.2,2708671,2710113,+,1443,5,29
gene2710,CU928145.2,2710121,2711302,-,1182,55,228
gene2711,CU928145.2,2711347,2711565,+,219,2,4
gene2712,CU928145.2,2711583,2712911,+,1329,5,14
gene2713,CU928145.2,2713019,2714557,-,1539,1,19
gene2714,CU928145.2,2714557,2715720,-,1164,18,6
gene2715,CU928145.2,2716136,2716750,+,615,544,715
gene2716,CU928145.2,2716755,2720348,+,3594,23,708
gene2717,CU928145.2,2720404,2721549,-,1146,17,13
gene2718,CU928145.2,2721623,2722567,-,945,1,5
gene2719,CU928145.2,2722637,2724331,-,1695,0,10
gene2720,CU928145.2,2724385,2725635,-,1251,5,3
gene2721,CU928145.2,2726148,2726780,-,633,2,10
gene2722,CU928145.2,2727076,2727351,+,276,6,31
gene2723,CU928145.2,2727428,2727670,-,243,69,80
gene2724,CU928145.2,2727904,2727978,-,75,4,9
gene2725,CU928145.2,2728023,2728943,+,921,22,358
gene2726,CU928145.2,2728572,2729007,-,436,12,5
gene2727,CU928145.2,2729435,2730673,-,1239,21,29
gene2728,CU928145.2,2731050,2732747,+,1698,43,58
gene2729,CU928145.2,2732762,2733496,+,735,27,100
gene2730,CU928145.2,2733509,2734366,+,858,15,22
gene2731,CU928145.2,2734369,2736864,-,2496,1,15
gene2732,CU928145.2,2736889,2737926,-,1038,0,0
gene2733,CU928145.2,2737926,2739011,-,1086,0,7
gene2734,CU928145.2,2739026,2740273,-,1248,3,4
gene2735,CU928145.2,2740295,2740621,-,327,3,0
gene2736,CU928145.2,2740840,2741805,-,966,22,134
gene2737,CU928145.2,2742009,2743265,+,1257,44,16
gene2738,CU928145.2,2743380,2743706,+,327,98,16
gene2739,CU928145.2,2743847,2745085,-,1239,1241,76
gene2740,CU928145.2,2745421,2746623,+,1203,21,1212
gene2741,CU928145.2,2746673,2748862,-,2190,26,157
gene2742,CU928145.2,2749070,2749145,-,76,32,119
gene2743,CU928145.2,2749185,2749260,-,76,25,113
gene2744,CU928145.2,2749496,2749840,+,345,46,289
gene2745,CU928145.2,2749842,2750234,+,393,27,191
gene2746,CU928145.2,2750286,2751701,-,1416,97,255
gene2747,CU928145.2,2751960,2752035,+,76,6,210
gene2748,CU928145.2,2752080,2752155,+,76,16,967
gene2749,CU928145.2,2752202,2752277,+,76,3,207
gene2750,CU928145.2,2752282,2752357,+,76,2,91
gene2751,CU928145.2,2752622,2753506,-,885,6,49
gene2752,CU928145.2,2753758,2755014,-,1257,6,22
gene2753,CU928145.2,2755074,2755907,-,834,0,0
gene2754,CU928145.2,2756156,2756920,+,765,13,9
gene2755,CU928145.2,2756959,2757885,-,927,12,18
gene2756,CU928145.2,2757975,2758973,+,999,34,58
gene2757,CU928145.2,2758970,2759188,-,219,39,27
gene2758,CU928145.2,2759190,2761205,-,2016,196,96
gene2759,CU928145.2,2761276,2762262,-,987,352,827
gene2760,CU928145.2,2762492,2763253,+,762,48,77
gene2761,CU928145.2,2763438,2764409,+,972,342,240
gene2762,CU928145.2,2764793,2765050,+,258,226,426
gene2763,CU928145.2,2765095,2766822,+,1728,1377,1695
gene2764,CU928145.2,2766863,2767372,+,510,1034,811
gene2765,CU928145.2,2767414,2768265,-,852,24,49
gene2766,CU928145.2,2768370,2768738,+,369,4,14
gene2767,CU928145.2,2768741,2769652,-,912,14,14
gene2768,CU928145.2,2769786,2770883,-,1098,28,2
gene2769,CU928145.2,2770873,2771748,-,876,30,8
gene2770,CU928145.2,2771748,2772581,-,834,34,7
gene2771,CU928145.2,2772581,2773597,-,1017,93,6
gene2772,CU928145.2,2773768,2774559,-,792,56,304
gene2773,CU928145.2,2774688,2775545,-,858,2,7
gene2774,CU928145.2,2775709,2776605,+,897,0,18
gene2775,CU928145.2,2776609,2778033,+,1425,2,22
gene2776,CU928145.2,2778038,2779342,+,1305,11,37
gene2777,CU928145.2,2779398,2780297,-,900,25,140
gene2778,CU928145.2,2780393,2780968,-,576,24,118
gene2779,CU928145.2,2781029,2781478,-,450,6,30
gene2780,CU928145.2,2781465,2781890,-,426,48,45
gene2781,CU928145.2,2782104,2782973,+,870,45,184
gene2782,CU928145.2,2782977,2783876,+,900,11,36
gene2783,CU928145.2,2783882,2784934,-,1053,9,8
gene2784,CU928145.2,2784980,2785480,-,501,12,8
gene2785,CU928145.2,2785493,2786152,-,660,3,2
gene2786,CU928145.2,2786162,2787049,-,888,5,0
gene2787,CU928145.2,2787070,2788431,-,1362,4,1
gene2788,CU928145.2,2788443,2789846,-,1404,4,4
gene2789,CU928145.2,2789843,2791069,-,1227,23,4
gene2790,CU928145.2,2791386,2792573,-,1188,2,1
gene2791,CU928145.2,2792563,2793399,-,837,1,0
gene2792,CU928145.2,2793410,2794813,-,1404,5,1
gene2793,CU928145.2,2794825,2795112,-,288,0,0
gene2794,CU928145.2,2795219,2795512,-,294,9,3
gene2795,CU928145.2,2795551,2796567,-,1017,1,0
gene2796,CU928145.2,2796564,2797367,-,804,3,0
gene2797,CU928145.2,2797364,2798065,-,702,2,1
gene2798,CU928145.2,2798040,2798519,-,480,0,1
gene2799,CU928145.2,2798532,2798867,-,336,2,1
gene2800,CU928145.2,2799160,2801439,-,2280,39,112
gene2801,CU928145.2,2801728,2802678,+,951,734,18
gene2802,CU928145.2,2802698,2804701,+,2004,444,5
gene2803,CU928145.2,2804797,2805840,-,1044,279,22
gene2804,CU928145.2,2805966,2806541,-,576,9,38
gene2805,CU928145.2,2806609,2808588,-,1980,7,104
gene2806,CU928145.2,2808794,2810494,+,1701,26,182
gene2807,CU928145.2,2810658,2813771,+,3114,8,67
gene2808,CU928145.2,2814310,2814666,+,357,3,108
gene2809,CU928145.2,2814670,2815797,+,1128,47,92
gene2810,CU928145.2,2815825,2816025,+,201,91,41
gene2811,CU928145.2,2816135,2816833,-,699,54,23
gene2812,CU928145.2,2816907,2818922,-,2016,37,79
gene2813,CU928145.2,2818937,2819800,-,864,185,50
gene2814,CU928145.2,2819947,2820345,-,399,100,59
gene2815,CU928145.2,2820345,2820611,-,267,120,68
gene2816,CU928145.2,2820727,2821440,-,714,6,19
gene2817,CU928145.2,2821653,2822687,-,1035,50,407
gene2818,CU928145.2,2822704,2823582,-,879,126,535
gene2819,CU928145.2,2823728,2824300,+,573,39,376
gene2820,CU928145.2,2824300,2824770,+,471,29,1384
gene2821,CU928145.2,2825023,2825640,+,618,0,0
gene2822,CU928145.2,2825640,2827658,+,2019,0,5
gene2823,CU928145.2,2827648,2828427,+,780,0,1
gene2824,CU928145.2,2828482,2828616,+,135,0,1
gene2825,CU928145.2,2828633,2829088,+,456,0,0
gene2826,CU928145.2,2829085,2830071,+,987,1,1
gene2827,CU928145.2,2830083,2830733,+,651,0,4
gene2828,CU928145.2,2830738,2832318,+,1581,2,7
gene2829,CU928145.2,2832356,2834023,+,1668,3,14
gene2830,CU928145.2,2834033,2834572,+,540,0,2
gene2831,CU928145.2,2834569,2835327,+,759,4,3
gene2832,CU928145.2,2835320,2835733,+,414,0,2
gene2833,CU928145.2,2835763,2837775,+,2013,5,11
gene2834,CU928145.2,2837797,2838528,+,732,3,11
gene2835,CU928145.2,2838682,2839743,-,1062,15,33
gene2836,CU928145.2,2839956,2841419,+,1464,56,74
gene2837,CU928145.2,2841440,2841799,+,360,15,48
gene2838,CU928145.2,2841937,2842683,-,747,52,268
gene2839,CU928145.2,2842733,2844022,-,1290,2,34
gene2840,CU928145.2,2844108,2844734,-,627,1,89
gene2841,CU928145.2,2845059,2846096,+,1038,1,9
gene2842,CU928145.2,2846096,2846734,+,639,11,35
gene2843,CU928145.2,2846905,2848971,+,2067,150,350
gene2844,CU928145.2,2848976,2850517,+,1542,35,144
gene2845,CU928145.2,2850556,2852799,-,2244,9,75
gene2846,CU928145.2,2853016,2853306,-,291,177,570
gene2847,CU928145.2,2853653,2854171,+,519,0,14
gene2848,CU928145.2,2854187,2854726,+,540,26,29
gene2849,CU928145.2,2854819,2856396,-,1578,66,148
gene2850,CU928145.2,2856465,2857931,-,1467,58,109
gene2851,CU928145.2,2858093,2859463,+,1371,55,137
gene2852,CU928145.2,2859460,2859675,-,216,12,72
gene2853,CU928145.2,2859744,2861216,-,1473,117,136
gene2854,CU928145.2,2861334,2862512,-,1179,810,528
gene2855,CU928145.2,2862523,2863143,-,621,42,128
gene2856,CU928145.2,2863161,2864435,-,1275,166,421
gene2857,CU928145.2,2864455,2864545,-,91,1,0
gene2858,CU928145.2,2864546,2865664,-,1119,215,218
gene2859,CU928145.2,2865691,2866704,-,1014,411,469
gene2860,CU928145.2,2866989,2868143,-,1155,107,116
gene2861,CU928145.2,2868293,2868724,-,432,23,103
gene2862,CU928145.2,2868873,2871185,-,2313,29,26
gene2863,CU928145.2,2871186,2876147,-,4962,166,227
gene2864,CU928145.2,2876354,2877199,+,846,248,78
gene2865,CU928145.2,2877313,2877394,-,82,1,0
gene2866,CU928145.2,2877389,2877693,+,305,55,2774
gene2867,CU928145.2,2877692,2878468,-,777,25,95
gene2868,CU928145.2,2878610,2879893,-,1284,10,38
gene2869,CU928145.2,2880071,2880271,-,201,10,28
gene2870,CU928145.2,2880283,2880618,-,336,9,23
gene2871,CU928145.2,2880620,2882470,-,1851,44,88
gene2872,CU928145.2,2882487,2883002,-,516,10,26
gene2873,CU928145.2,2883098,2883421,-,324,111,86
gene2874,CU928145.2,2883438,2883824,-,387,110,80
gene2875,CU928145.2,2883852,2885066,-,1215,180,124
gene2876,CU928145.2,2885178,2885666,-,489,137,36
gene2877,CU928145.2,2885936,2886676,-,741,80,183
gene2878,CU928145.2,2886795,2887598,+,804,3,223
gene2879,CU928145.2,2887716,2888597,+,882,9,13
gene2880,CU928145.2,2888788,2890068,+,1281,680,22
gene2881,CU928145.2,2890060,2891199,-,1140,29,35
gene2882,CU928145.2,2891359,2892249,-,891,31,22
gene2883,CU928145.2,2892385,2893746,+,1362,1,1
gene2884,CU928145.2,2893743,2894261,+,519,1,1
gene2885,CU928145.2,2894261,2894581,+,321,1,3
gene2886,CU928145.2,2894578,2895390,+,813,0,1
gene2887,CU928145.2,2895400,2896602,+,1203,12,9
gene2888,CU928145.2,2896699,2897121,+,423,196,13
gene2889,CU928145.2,2897169,2898041,-,873,6,4
gene2890,CU928145.2,2898053,2899114,-,1062,9,4
gene2891,CU928145.2,2899180,2900178,-,999,0,0
gene2892,CU928145.2,2900203,2901714,-,1512,3,4
gene2893,CU928145.2,2901737,2902720,-,984,1,1
gene2894,CU928145.2,2902817,2906098,-,3282,5,9
gene2895,CU928145.2,2906216,2907409,+,1194,16,41
gene2896,CU928145.2,2907473,2908726,-,1254,58,436
gene2897,CU928145.2,2909054,2910244,+,1191,22,31
gene2898,CU928145.2,2910289,2910627,-,339,56,438
gene2899,CU928145.2,2910688,2912022,-,1335,6,43
gene2900,CU928145.2,2912012,2912725,-,714,7,24
gene2901,CU928145.2,2912890,2914317,-,1428,52,42
gene2902,CU928145.2,2914411,2914559,-,149,17842,2132
gene2903,CU928145.2,2914893,2918780,-,3888,9,32
gene2904,CU928145.2,2919176,2920594,+,1419,7,67
gene2905,CU928145.2,2920591,2921127,-,537,13,66
gene2906,CU928145.2,2921152,2921787,-,636,69,26
gene2907,CU928145.2,2921996,2922844,+,849,1,19
gene2908,CU928145.2,2922900,2923160,+,261,6,86
gene2909,CU928145.2,2923296,2923614,-,319,15,193
gene2910,CU928145.2,2923431,2923595,-,165,0,0
gene2911,CU928145.2,2923757,2923833,+,77,6,1
gene2912,CU928145.2,2923854,2924234,-,381,4,36
gene2913,CU928145.2,2924234,2924965,-,732,12,80
gene2914,CU928145.2,2924977,2925705,-,729,4,37
gene2915,CU928145.2,2925717,2926622,-,906,38,99
gene2916,CU928145.2,2926619,2927299,-,681,88,216
gene2917,CU928145.2,2927572,2928546,-,975,103,197
gene2918,CU928145.2,2928562,2930361,-,1800,125,290
gene2919,CU928145.2,2930559,2931038,-,480,19,34
gene2920,CU928145.2,2931035,2931991,-,957,112,246
gene2921,CU928145.2,2931991,2932641,-,651,565,554
gene2922,CU928145.2,2932674,2933249,-,576,764,1260
gene2923,CU928145.2,2933657,2935279,+,1623,9,22
gene2924,CU928145.2,2935264,2936001,-,738,2,8
gene2925,CU928145.2,2936133,2937467,+,1335,7,85
gene2926,CU928145.2,2937676,2938557,-,882,14,32
gene2927,CU928145.2,2938660,2939247,+,588,24,25
gene2928,CU928145.2,2939302,2939685,-,384,21,20090
gene2929,CU928145.2,2939990,2940679,+,690,17,67
gene2930,CU928145.2,2940727,2941764,-,1038,13,82
gene2931,CU928145.2,2941754,2941957,-,204,1,6
gene2932,CU928145.2,2941971,2942390,+,420,86,81
gene2933,CU928145.2,2942459,2943157,+,699,3,30
gene2934,CU928145.2,2943189,2945849,+,2661,310,101
gene2935,CU928145.2,2945963,2947318,+,1356,164,472
gene2936,CU928145.2,2947415,2947687,+,273,12,101
gene2937,CU928145.2,2947684,2948982,-,1299,119,112
gene2938,CU928145.2,2949306,2949425,-,120,52,18
gene2939,CU928145.2,2949519,2952422,-,2904,356,198
gene2940,CU928145.2,2952616,2952691,-,76,89,9102
gene2941,CU928145.2,2952863,2954404,-,1542,291,114
gene2942,CU928145.2,2954848,2957421,-,2574,378,969
gene2943,CU928145.2,2957399,2957543,-,145,229,185
gene2944,CU928145.2,2957551,2958282,-,732,12,29
gene2945,CU928145.2,2958279,2959259,-,981,98,102
gene2946,CU928145.2,2959394,2960131,+,738,278,1029
gene2947,CU928145.2,2960402,2960743,+,342,10545,48691
gene2948,CU928145.2,2960847,2960894,+,48,11,55
gene2949,CU928145.2,2960993,2962153,+,1161,25,205
gene2950,CU928145.2,2962196,2963317,-,1122,15,53
gene2951,CU928145.2,2963328,2964398,-,1071,15,65
gene2952,CU928145.2,2964608,2964973,+,366,49,25
gene2953,CU928145.2,2965123,2965641,+,519,52,192
gene2954,CU928145.2,2965631,2966857,+,1227,8,71
gene2955,CU928145.2,2966873,2967355,+,483,1,13
gene2956,CU928145.2,2967432,2967779,-,348,77,1015
gene2957,CU928145.2,2967821,2968588,-,768,118,1434
gene2958,CU928145.2,2968619,2969167,-,549,88,1206
gene2959,CU928145.2,2969186,2969434,-,249,43,666
gene2960,CU928145.2,2969571,2970932,-,1362,119,195
gene2961,CU928145.2,2971024,2971890,+,867,13,78
gene2962,CU928145.2,2972001,2973197,+,1197,15,181
gene2963,CU928145.2,2973252,2973845,-,594,134,7373
gene2964,CU928145.2,2973968,2974846,+,879,22,67
gene2965,CU928145.2,2974932,2976593,+,1662,33,141
gene2966,CU928145.2,2976742,2977083,+,342,68,1612
gene2967,CU928145.2,2977145,2977435,-,291,11,185
gene2968,CU928145.2,2977425,2977901,-,477,21,267
gene2969,CU928145.2,2978033,2978515,+,483,28,128
gene2970,CU928145.2,2978723,2979171,+,449,181937,76182
gene2971,CU928145.2,2979298,2980539,+,1242,20,174
gene2972,CU928145.2,2980678,2984424,-,3747,57,218
gene2973,CU928145.2,2984892,2988743,+,3852,71,414
gene2974,CU928145.2,2988789,2989535,+,747,5,63
gene2975,CU928145.2,2989387,2989701,+,315,39,49
gene2976,CU928145.2,2989786,2989944,-,159,0,21
gene2977,CU928145.2,2989969,2990850,-,882,15,186
gene2978,CU928145.2,2991369,2991668,+,300,1,2
gene2979,CU928145.2,2991689,2992036,+,348,4,7
gene2980,CU928145.2,2992156,2992902,+,747,1,3
gene2981,CU928145.2,2992872,2993471,-,600,1,8
gene2982,CU928145.2,2993681,2993869,-,189,0,1
gene2983,CU928145.2,2994254,2994943,-,690,1,3
gene2984,CU928145.2,2995144,2995626,-,483,3,3
gene2985,CU928145.2,2996141,2996470,-,330,0,2
gene2986,CU928145.2,2996377,2996452,-,76,0,0
gene2987,CU928145.2,2997012,2998658,+,1647,31,49
gene2988,CU928145.2,2998732,2998854,+,123,0,1
gene2989,CU928145.2,2998993,2999265,+,273,4,1
gene2990,CU928145.2,2999601,3000578,+,978,639,1
gene2991,CU928145.2,3000598,3001866,+,1269,161,0
gene2992,CU928145.2,3001889,3003337,+,1449,67,0
gene2993,CU928145.2,3003351,3004631,+,1281,85,4
gene2994,CU928145.2,3004942,3006342,+,1401,25,7
gene2995,CU928145.2,3006363,3007025,+,663,53,15
gene2996,CU928145.2,3007026,3007475,-,450,615,98
gene2997,CU928145.2,3007559,3007717,-,159,116,18
gene2998,CU928145.2,3007900,3008199,+,300,16,17
gene2999,CU928145.2,3008209,3008733,+,525,5,39
gene3000,CU928145.2,3008780,3009184,-,405,1,252
gene3001,CU928145.2,3009852,3010301,+,450,218,137
gene3002,CU928145.2,3010338,3010682,-,345,30,25
gene3003,CU928145.2,3010822,3011163,+,342,1390,86
gene3004,CU928145.2,3011411,3011656,+,246,3,2
gene3005,CU928145.2,3011653,3012063,+,411,0,2
gene3006,CU928145.2,3012036,3014180,+,2145,4,16
gene3007,CU928145.2,3014190,3015149,+,960,3,12
gene3008,CU928145.2,3015504,3016706,+,1203,7,43
gene3009,CU928145.2,3016699,3017763,+,1065,2,6
gene3010,CU928145.2,3017820,3018812,+,993,2,23
gene3011,CU928145.2,3019004,3020188,+,1185,7,15
gene3012,CU928145.2,3020312,3021049,+,738,4,148
gene3013,CU928145.2,3021039,3021374,+,336,3,29
gene3014,CU928145.2,3021465,3021995,+,531,3,305
gene3015,CU928145.2,3022122,3023294,+,1173,13,46
gene3016,CU928145.2,3023311,3024849,+,1539,11,40
gene3017,CU928145.2,3024913,3025428,-,516,136,765
gene3018,CU928145.2,3025497,3025570,+,74,11,31
gene3019,CU928145.2,3025578,3027134,-,1557,205,362
gene3020,CU928145.2,3027207,3027635,-,429,15,68
gene3021,CU928145.2,3027632,3028198,-,567,14,89
gene3022,CU928145.2,3028479,3028555,-,77,12,853
gene3023,CU928145.2,3028754,3028830,-,77,12,1085
gene3024,CU928145.2,3029029,3029105,-,77,19,1189
gene3025,CU928145.2,3029303,3029379,-,77,12,850
gene3026,CU928145.2,3029383,3029475,-,93,30,243
gene3027,CU928145.2,3029791,3029976,-,186,9201,3326
gene3028,CU928145.2,3030211,3032841,-,2631,155,1557
gene3029,CU928145.2,3032969,3033469,-,501,6,11
gene3030,CU928145.2,3033712,3034773,-,1062,229,808
gene3031,CU928145.2,3034853,3035350,-,498,6,25
gene3032,CU928145.2,3035495,3036580,-,1086,4,34
gene3033,CU928145.2,3036836,3037399,+,564,1,28
gene3034,CU928145.2,3037396,3038355,+,960,1,10
gene3035,CU928145.2,3038366,3038737,+,372,1,0
gene3036,CU928145.2,3038741,3039520,+,780,1,21
gene3037,CU928145.2,3039625,3039984,+,360,2,8
gene3038,CU928145.2,3040051,3040824,+,774,6,105
gene3039,CU928145.2,3040817,3041782,+,966,5,28
gene3040,CU928145.2,3041779,3043293,-,1515,9,18
gene3041,CU928145.2,3043480,3044919,+,1440,2,2
gene3042,CU928145.2,3044916,3046049,+,1134,0,2
gene3043,CU928145.2,3046157,3046268,+,112,0,3
gene3044,CU928145.2,3046275,3048527,-,2253,17,32
gene3045,CU928145.2,3048680,3049207,-,528,8,2
gene3046,CU928145.2,3049356,3050369,-,1014,40,29
gene3047,CU928145.2,3050626,3052083,+,1458,4,5
gene3048,CU928145.2,3052092,3053516,+,1425,41,28
gene3049,CU928145.2,3053684,3054664,-,981,182,547
gene3050,CU928145.2,3054909,3055394,-,486,3,55
gene3051,CU928145.2,3055399,3056172,-,774,6,10
gene3052,CU928145.2,3056197,3056667,-,471,16,11
gene3053,CU928145.2,3056660,3057070,-,411,4,4
gene3054,CU928145.2,3057067,3057834,-,768,0,0
gene3055,CU928145.2,3057834,3058376,-,543,1,0
gene3056,CU928145.2,3058386,3060095,-,1710,10,7
gene3057,CU928145.2,3060113,3061036,-,924,1,1
gene3058,CU928145.2,3061039,3062865,-,1827,4,4
gene3059,CU928145.2,3062862,3063473,-,612,0,1
gene3060,CU928145.2,3063598,3064059,-,462,1,3
gene3061,CU928145.2,3064270,3064620,+,351,2,10
gene3062,CU928145.2,3064624,3065496,+,873,0,19
gene3063,CU928145.2,3065487,3065759,+,273,0,1
gene3064,CU928145.2,3065759,3066880,+,1122,15,83
gene3065,CU928145.2,3066919,3067887,+,969,88,29
gene3066,CU928145.2,3067961,3070039,+,2079,224,19
gene3067,CU928145.2,3070076,3070429,-,354,9,6
gene3068,CU928145.2,3070716,3073277,+,2562,12,53
gene3069,CU928145.2,3073383,3074039,+,657,2,9
gene3070,CU928145.2,3074090,3074887,-,798,16,50
gene3071,CU928145.2,3075053,3075961,+,909,3,12
gene3072,CU928145.2,3075958,3077220,+,1263,4,13
gene3073,CU928145.2,3077217,3077855,+,639,2,8
gene3074,CU928145.2,3077860,3078636,+,777,1,18
gene3075,CU928145.2,3078725,3080089,+,1365,5,20
gene3076,CU928145.2,3080129,3080365,-,237,1,1
gene3077,CU928145.2,3080376,3081803,-,1428,0,2
gene3078,CU928145.2,3081803,3082396,-,594,0,1
gene3079,CU928145.2,3082543,3082950,+,408,7,59
gene3080,CU928145.2,3083071,3084063,-,993,397,159
gene3081,CU928145.2,3084126,3085265,-,1140,280,100
gene3082,CU928145.2,3085405,3086031,-,627,383,30
gene3083,CU928145.2,3086025,3086786,-,762,10,36
gene3084,CU928145.2,3086767,3087816,-,1050,6,83
gene3085,CU928145.2,3087813,3088292,-,480,1,11
gene3086,CU928145.2,3088292,3089002,-,711,2,21
gene3087,CU928145.2,3089021,3089332,-,312,85,63
gene3088,CU928145.2,3089526,3089849,-,324,32,19
gene3089,CU928145.2,3089899,3090504,-,606,20,16
gene3090,CU928145.2,3090504,3091931,-,1428,61,2
gene3091,CU928145.2,3091933,3092841,-,909,59,2
gene3092,CU928145.2,3093093,3094130,+,1038,6,47
gene3093,CU928145.2,3094398,3094691,-,294,1,4
gene3094,CU928145.2,3094691,3095611,-,921,3,1
gene3095,CU928145.2,3095608,3096396,-,789,0,2
gene3096,CU928145.2,3096240,3096986,-,747,18,8
gene3097,CU928145.2,3096997,3098052,-,1056,1,4
gene3098,CU928145.2,3098064,3098600,-,537,4,6
gene3099,CU928145.2,3098597,3100228,-,1632,4,10
gene3100,CU928145.2,3100257,3102956,-,2700,6,8
gene3101,CU928145.2,3103150,3103302,-,153,53,85
gene3102,CU928145.2,3103567,3104301,-,735,207,14
gene3103,CU928145.2,3104375,3106087,-,1713,70,5
gene3104,CU928145.2,3106087,3107886,-,1800,73,0
gene3105,CU928145.2,3108202,3108567,+,366,2,76
gene3106,CU928145.2,3108645,3109916,+,1272,6,41
gene3107,CU928145.2,3109907,3110167,+,261,0,3
gene3108,CU928145.2,3110184,3110759,+,576,2,9
gene3109,CU928145.2,3110907,3111767,-,861,0,2
gene3110,CU928145.2,3111764,3112543,-,780,0,2
gene3111,CU928145.2,3112521,3113858,-,1338,3,1
gene3112,CU928145.2,3113952,3115406,-,1455,29,8
gene3113,CU928145.2,3115476,3116261,-,786,1,4
gene3114,CU928145.2,3116580,3117857,+,1278,13,27
gene3115,CU928145.2,3117884,3119362,+,1479,3,25
gene3116,CU928145.2,3121284,3121955,-,672,170,108
gene3117,CU928145.2,3122416,3123120,+,705,1,4
gene3118,CU928145.2,3122930,3123196,+,267,0,0
gene3119,CU928145.2,3123180,3124478,-,1299,978,3232
gene3120,CU928145.2,3124566,3126203,-,1638,356,695
gene3121,CU928145.2,3126431,3127222,-,792,31,76
gene3122,CU928145.2,3127293,3127628,-,336,7,58
gene3123,CU928145.2,3127628,3127876,-,249,4,36
gene3124,CU928145.2,3127954,3130188,-,2235,56,220
gene3125,CU928145.2,3130236,3131537,-,1302,47,99
gene3126,CU928145.2,3131594,3131923,+,330,16,43
gene3127,CU928145.2,3131952,3132227,+,276,75,1171
gene3128,CU928145.2,3132146,3132649,+,504,25,189
gene3129,CU928145.2,3132691,3135126,+,2436,17,156
gene3130,CU928145.2,3135358,3136698,-,1341,16,5
gene3131,CU928145.2,3136719,3137705,-,987,2,5
gene3132,CU928145.2,3137712,3138059,-,348,1,0
gene3133,CU928145.2,3138061,3139413,-,1353,1,0
gene3134,CU928145.2,3139848,3140297,-,450,20,50
gene3135,CU928145.2,3140315,3141097,-,783,0,13
gene3136,CU928145.2,3141097,3141426,-,330,13,13
gene3137,CU928145.2,3141475,3141830,-,356,20229,29870
gene3138,CU928145.2,3142048,3142593,-,546,37,144
gene3139,CU928145.2,3142661,3143509,+,849,25,114
gene3140,CU928145.2,3143621,3144985,+,1365,119,336
gene3141,CU928145.2,3145542,3146831,+,1290,81,799
gene3142,CU928145.2,3146889,3148256,+,1368,13,240
gene3143,CU928145.2,3148278,3149123,+,846,2,31
gene3144,CU928145.2,3149178,3150329,-,1152,7,17
gene3145,CU928145.2,3150354,3151001,-,648,0,2
gene3146,CU928145.2,3151548,3152864,+,1317,1,39
gene3147,CU928145.2,3152897,3154672,+,1776,7,19
gene3148,CU928145.2,3154751,3156199,+,1449,6,18
gene3149,CU928145.2,3156201,3156623,+,423,12,56
gene3150,CU928145.2,3156681,3157412,+,732,16,96
gene3151,CU928145.2,3157456,3158556,-,1101,17,83
gene3152,CU928145.2,3158549,3158944,-,396,9,8
gene3153,CU928145.2,3158963,3159880,-,918,36,39
gene3154,CU928145.2,3160009,3160213,+,205,1710,39311
gene3155,CU928145.2,3160231,3160458,-,228,636,212
gene3156,CU928145.2,3160650,3161855,+,1206,16,98
gene3157,CU928145.2,3161855,3162298,+,444,28,25
gene3158,CU928145.2,3162349,3163155,-,807,26,46
gene3159,CU928145.2,3163232,3164329,-,1098,13,108
gene3160,CU928145.2,3164538,3164614,+,77,12,35
gene3161,CU928145.2,3164648,3164724,+,77,24,106
gene3162,CU928145.2,3164757,3164833,+,77,9,33
gene3163,CU928145.2,3164907,3166160,-,1254,13,82
gene3164,CU928145.2,3166392,3167723,+,1332,8,14
gene3165,CU928145.2,3167785,3169611,-,1827,16,45
gene3166,CU928145.2,3169611,3173153,-,3543,28,111
gene3167,CU928145.2,3173146,3176034,-,2889,41,158
gene3168,CU928145.2,3176210,3179578,-,3369,31,132
gene3169,CU928145.2,3179591,3179914,-,324,1,1
gene3170,CU928145.2,3179899,3180306,-,408,2,10
gene3171,CU928145.2,3180303,3180866,-,564,1,1
gene3172,CU928145.2,3180857,3181327,-,471,1,1
gene3173,CU928145.2,3181512,3182306,-,795,17,174
gene3174,CU928145.2,3182313,3183188,-,876,8,40
gene3175,CU928145.2,3183339,3185585,-,2247,26,121
gene3176,CU928145.2,3185598,3186128,-,531,41,406
gene3177,CU928145.2,3186813,3187502,+,690,21,16
gene3178,CU928145.2,3187571,3188284,+,714,4,62
gene3179,CU928145.2,3188422,3188640,+,219,238,646
gene3180,CU928145.2,3188748,3189788,+,1041,35,154
gene3181,CU928145.2,3189820,3191013,-,1194,23,54
gene3182,CU928145.2,3191006,3193165,-,2160,35,149
gene3183,CU928145.2,3193253,3193340,-,88,3,7
gene3184,CU928145.2,3193456,3193537,-,82,22,7
gene3185,CU928145.2,3193751,3194782,+,1032,16,91
gene3186,CU928145.2,3194789,3196051,-,1263,2,12
gene3187,CU928145.2,3196173,3197108,+,936,2,11
gene3188,CU928145.2,3197095,3197787,-,693,1,21
gene3189,CU928145.2,3197916,3199334,-,1419,30,164
gene3190,CU928145.2,3199649,3200410,-,762,567,1030
gene3191,CU928145.2,3200440,3201276,-,837,1292,5502
gene3192,CU928145.2,3201563,3202744,-,1182,17,75
gene3193,CU928145.2,3202999,3204228,+,1230,37,328
gene3194,CU928145.2,3204688,3205320,+,633,3,80
gene3195,CU928145.2,3205654,3206463,+,810,0,252
gene3196,CU928145.2,3206456,3206938,+,483,6,60
gene3197,CU928145.2,3207087,3207512,-,426,9,24
gene3198,CU928145.2,3207706,3208143,+,438,1,14
gene3199,CU928145.2,3208421,3208912,+,492,4,9
gene3200,CU928145.2,3209247,3210623,+,1377,28,30
gene3201,CU928145.2,3210791,3211009,+,219,37,5
gene3202,CU928145.2,3211092,3211568,+,477,1,6
gene3203,CU928145.2,3211613,3212059,-,447,2,14
gene3204,CU928145.2,3212090,3212245,-,156,2,2
gene3205,CU928145.2,3212466,3212897,-,432,0,3
gene3206,CU928145.2,3213114,3213695,-,582,0,3
gene3207,CU928145.2,3213711,3214445,-,735,2,17
gene3208,CU928145.2,3214486,3214701,-,216,7,12
gene3209,CU928145.2,3214878,3215033,-,156,4,13
gene3210,CU928145.2,3215047,3216237,-,1191,5,22
gene3211,CU928145.2,3216486,3216986,+,501,3,6
gene3212,CU928145.2,3216988,3217281,+,294,1,5
gene3213,CU928145.2,3217343,3217735,-,393,0,3
gene3214,CU928145.2,3217732,3217935,-,204,0,0
gene3215,CU928145.2,3218008,3218499,-,492,62,12
gene3216,CU928145.2,3218508,3219275,-,768,0,6
gene3217,CU928145.2,3219277,3219537,-,261,1,3
gene3218,CU928145.2,3219547,3220212,-,666,2,7
gene3219,CU928145.2,3220127,3220774,-,648,0,13
gene3220,CU928145.2,3220784,3221149,-,366,1,28
gene3221,CU928145.2,3221281,3222933,-,1653,4,72
gene3222,CU928145.2,3223125,3223198,-,74,2,41
gene3223,CU928145.2,3223277,3224032,-,756,18,113
gene3224,CU928145.2,3224486,3226744,+,2259,13,25
gene3225,CU928145.2,3226755,3227633,+,879,1,4
gene3226,CU928145.2,3227630,3228109,+,480,1,5
gene3227,CU928145.2,3228149,3229927,-,1779,120,248
gene3228,CU928145.2,3230403,3231593,+,1191,1,10
gene3229,CU928145.2,3231651,3232847,+,1197,1,12
gene3230,CU928145.2,3232905,3234116,+,1212,6,16
gene3231,CU928145.2,3234169,3235554,+,1386,3,6
gene3232,CU928145.2,3235602,3236534,+,933,16,6
gene3233,CU928145.2,3236575,3238200,-,1626,4,14
gene3234,CU928145.2,3238248,3239018,-,771,0,16
gene3235,CU928145.2,3239121,3239699,+,579,53,112
gene3236,CU928145.2,3240021,3243119,+,3099,9,13
gene3237,CU928145.2,3243122,3244450,+,1329,1,2
gene3238,CU928145.2,3244501,3245280,+,780,0,4
gene3239,CU928145.2,3245277,3248147,+,2871,13,25
gene3240,CU928145.2,3248312,3249712,+,1401,12,20
gene3241,CU928145.2,3249727,3251046,+,1320,4,28
gene3242,CU928145.2,3251082,3252449,+,1368,7,19
gene3243,CU928145.2,3252485,3252973,-,489,2,14
gene3244,CU928145.2,3252973,3254892,-,1920,6,8
gene3245,CU928145.2,3255328,3256776,+,1449,3,6
gene3246,CU928145.2,3257026,3257574,+,549,39,104
gene3247,CU928145.2,3257617,3259134,-,1518,24,197
gene3248,CU928145.2,3259144,3260242,-,1099,43,190
gene3249,CU928145.2,3260333,3262066,-,1734,14,80
gene3250,CU928145.2,3262072,3262782,-,711,20,57
gene3251,CU928145.2,3262807,3263703,-,897,31,50
gene3252,CU928145.2,3263815,3264336,+,522,65,186
gene3253,CU928145.2,3264376,3264783,-,408,5,40
gene3254,CU928145.2,3264764,3265030,-,267,11,197
gene3255,CU928145.2,3265273,3266253,+,981,65,65
gene3256,CU928145.2,3266506,3267486,+,981,183,542
gene3257,CU928145.2,3267609,3268268,-,660,486,221
gene3258,CU928145.2,3268432,3268743,-,312,13,632
gene3259,CU928145.2,3268782,3270221,+,1440,16,106
gene3260,CU928145.2,3270278,3271021,-,744,2,4
gene3261,CU928145.2,3271282,3274155,-,2874,19,177
gene3262,CU928145.2,3274274,3274663,-,390,9,900
gene3263,CU928145.2,3274687,3275781,-,1095,19,289
gene3264,CU928145.2,3276229,3277431,-,1203,23,71
gene3265,CU928145.2,3277454,3278632,-,1179,19,53
gene3266,CU928145.2,3278629,3279954,-,1326,83,101
gene3267,CU928145.2,3279980,3280558,-,579,102,173
gene3268,CU928145.2,3280726,3281055,+,330,12706,2547
gene3269,CU928145.2,3281097,3281279,+,183,283131,5589
gene3270,CU928145.2,3281355,3281903,+,549,22,221
gene3271,CU928145.2,3281929,3282079,+,151,0,0
gene3272,CU928145.2,3281929,3282077,+,149,0,0
gene3273,CU928145.2,3282684,3283916,-,1233,50,102
gene3274,CU928145.2,3284172,3284831,-,660,30,126
gene3275,CU928145.2,3285214,3286107,+,894,43,85
gene3276,CU928145.2,3286290,3287039,+,750,3,5
gene3277,CU928145.2,3287151,3288455,+,1305,6,10
gene3278,CU928145.2,3288448,3289443,+,996,3,3
gene3279,CU928145.2,3289454,3290239,+,786,0,1
gene3280,CU928145.2,3290263,3291741,+,1479,3,7
gene3281,CU928145.2,3291738,3292634,-,897,2,12
gene3282,CU928145.2,3292801,3293541,-,741,163,72
gene3283,CU928145.2,3293634,3294269,-,636,5,13
gene3284,CU928145.2,3294408,3295268,-,861,175,194
gene3285,CU928145.2,3295626,3296705,-,1080,716,2195
gene3286,CU928145.2,3296920,3298083,-,1164,509,759
gene3287,CU928145.2,3298133,3299152,-,1020,363,940
gene3288,CU928145.2,3299524,3299955,+,432,0,7
gene3289,CU928145.2,3299879,3300556,+,678,1,9
gene3290,CU928145.2,3300557,3301264,+,708,1,4
gene3291,CU928145.2,3301246,3301929,+,684,1,4
gene3292,CU928145.2,3301890,3302600,+,711,3,5
gene3293,CU928145.2,3302572,3303285,-,714,2,17
gene3294,CU928145.2,3303282,3303791,-,510,24,85
gene3295,CU928145.2,3303813,3304778,-,966,1,1
gene3296,CU928145.2,3304775,3306052,-,1278,1,4
gene3297,CU928145.2,3306067,3307455,-,1389,2,6
gene3298,CU928145.2,3307483,3307926,-,444,0,8
gene3299,CU928145.2,3308240,3310231,-,1992,46,457
gene3300,CU928145.2,3310509,3311267,+,759,194,58
gene3301,CU928145.2,3311473,3312393,-,921,175,74
gene3302,CU928145.2,3312529,3313260,-,732,5,4
gene3303,CU928145.2,3313406,3315382,-,1977,536,395
gene3304,CU928145.2,3315391,3315537,-,147,7,42
gene3305,CU928145.2,3315658,3315873,+,216,2,132
gene3306,CU928145.2,3315870,3316121,-,252,2,2
gene3307,CU928145.2,3316177,3317331,+,1155,10,123
gene3308,CU928145.2,3317767,3319161,+,1395,17,130
gene3309,CU928145.2,3319238,3319735,+,498,0,21
gene3310,CU928145.2,3319830,3320537,+,708,2,25
gene3311,CU928145.2,3320617,3321348,+,732,12,69
gene3312,CU928145.2,3321361,3322311,+,951,27,137
gene3313,CU928145.2,3322420,3322983,+,564,20,53
gene3314,CU928145.2,3322983,3323399,+,417,6,26
gene3315,CU928145.2,3323575,3324555,-,981,13,3
gene3316,CU928145.2,3324573,3325277,+,705,8,31
gene3317,CU928145.2,3325295,3325861,+,567,8,64
gene3318,CU928145.2,3325858,3326148,+,291,0,6
gene3319,CU928145.2,3326156,3326749,+,594,1,25
gene3320,CU928145.2,3326742,3327878,+,1137,4,51
gene3321,CU928145.2,3328033,3329040,-,1008,7,52
gene3322,CU928145.2,3329157,3330203,-,1047,7,452
gene3323,CU928145.2,3330379,3331098,-,720,24,43
gene3324,CU928145.2,3331282,3331608,-,327,20,294
gene3325,CU928145.2,3331608,3332327,-,720,31,59
gene3326,CU928145.2,3332488,3333540,+,1053,21,44
gene3327,CU928145.2,3333568,3333843,+,276,12,579
gene3328,CU928145.2,3333908,3334987,+,1080,6,68
gene3329,CU928145.2,3335189,3336445,+,1257,35,460
gene3330,CU928145.2,3336495,3338630,-,2136,9,19
gene3331,CU928145.2,3339028,3339735,+,708,11,102
gene3332,CU928145.2,3339841,3339916,+,76,100,27
gene3333,CU928145.2,3340114,3341376,+,1263,14,211
gene3334,CU928145.2,3341854,3342117,+,264,9,34
gene3335,CU928145.2,3342200,3342513,-,314,10,11
gene3336,CU928145.2,3342583,3343176,-,594,33,55
gene3337,CU928145.2,3343104,3343373,-,270,1,0
gene3338,CU928145.2,3343569,3346436,+,2868,19,184
gene3339,CU928145.2,3346438,3347442,+,1005,46,133
gene3340,CU928145.2,3347452,3349839,+,2388,24,104
gene3341,CU928145.2,3349849,3351477,+,1629,22,365
gene3342,CU928145.2,3351480,3354350,+,2871,19,372
gene3343,CU928145.2,3354439,3354732,+,294,18,78
gene3344,CU928145.2,3354766,3355152,+,387,12,64
gene3345,CU928145.2,3355072,3356223,-,1152,13,173
gene3346,CU928145.2,3355676,3355720,+,45,0,0
gene3347,CU928145.2,3356354,3357505,+,1152,46,432
gene3348,CU928145.2,3357615,3359183,-,1569,456,79
gene3349,CU928145.2,3359214,3359564,-,351,1,11
gene3350,CU928145.2,3359561,3359998,-,438,6,34
gene3351,CU928145.2,3360050,3360535,+,486,22,44
gene3352,CU928145.2,3360598,3360816,+,219,12,89
gene3353,CU928145.2,3360967,3365085,-,4119,603,1671
gene3354,CU928145.2,3365547,3365963,-,417,5,12
gene3355,CU928145.2,3366026,3366112,-,87,6,8
gene3356,CU928145.2,3366116,3367639,-,1524,346,548
gene3357,CU928145.2,3368231,3368803,-,573,59,202
gene3358,CU928145.2,3369231,3371780,-,2550,54,359
gene3359,CU928145.2,3371784,3375197,-,3414,65,452
gene3360,CU928145.2,3375194,3375796,-,603,108,146
gene3361,CU928145.2,3375781,3376095,-,315,2,24
gene3362,CU928145.2,3376123,3377553,-,1431,55,135
gene3363,CU928145.2,3377554,3378108,-,555,2,34
gene3364,CU928145.2,3378113,3379189,-,1077,19,128
gene3365,CU928145.2,3379193,3379498,-,306,1,23
gene3366,CU928145.2,3379502,3379969,-,468,13,40
gene3367,CU928145.2,3379980,3381962,-,1983,87,224
gene3368,CU928145.2,3381975,3382934,-,960,9,80
gene3369,CU928145.2,3382898,3384700,-,1803,25,189
gene3370,CU928145.2,3384693,3385115,-,423,11,42
gene3371,CU928145.2,3385125,3385631,-,507,402,522
gene3372,CU928145.2,3385641,3387119,-,1479,83,351
gene3373,CU928145.2,3387122,3387598,-,477,6,107
gene3374,CU928145.2,3387984,3388052,-,69,0,5
gene3375,CU928145.2,3388044,3389252,+,1209,182,1382
gene3376,CU928145.2,3389332,3389640,+,309,5,30
gene3377,CU928145.2,3389876,3390076,+,201,1,18
gene3378,CU928145.2,3390130,3390348,+,219,0,20
gene3379,CU928145.2,3390457,3390942,-,486,3,5
gene3380,CU928145.2,3390836,3391042,-,207,0,4
gene3381,CU928145.2,3391214,3391609,+,396,4,106
gene3382,CU928145.2,3391435,3391632,+,198,0,0
gene3383,CU928145.2,3391663,3391986,-,324,12,301
gene3384,CU928145.2,3392052,3392696,-,645,7,42
gene3385,CU928145.2,3392717,3393025,-,309,4,1
gene3386,CU928145.2,3393065,3393709,-,645,1,3
gene3387,CU928145.2,3393694,3394926,-,1233,7,20
gene3388,CU928145.2,3394967,3395797,-,831,6,18
gene3389,CU928145.2,3396575,3397942,-,1368,4,15
gene3390,CU928145.2,3398367,3400154,-,1788,20,120
gene3391,CU928145.2,3400348,3401514,-,1167,11,6
gene3392,CU928145.2,3401747,3402160,-,414,3,15
gene3393,CU928145.2,3402305,3402739,-,435,3,2
gene3394,CU928145.2,3402739,3403275,-,537,3,4
gene3395,CU928145.2,3403256,3404356,-,1101,2,6
gene3396,CU928145.2,3404311,3406074,-,1764,10,16
gene3397,CU928145.2,3406082,3406879,-,798,22,6
gene3398,CU928145.2,3406776,3408374,-,1599,27,17
gene3399,CU928145.2,3408374,3411763,-,3390,45,119
gene3400,CU928145.2,3411756,3412904,-,1149,13,38
gene3401,CU928145.2,3412908,3413174,-,267,3,11
gene3402,CU928145.2,3413206,3413883,-,678,34,36
gene3403,CU928145.2,3414027,3414704,-,678,24,27
gene3404,CU928145.2,3414724,3416406,-,1683,10,93
gene3405,CU928145.2,3416403,3418928,-,2526,27,51
gene3406,CU928145.2,3419451,3420026,-,576,11,17
gene3407,CU928145.2,3420014,3422680,-,2667,39,13
gene3408,CU928145.2,3422840,3423331,-,492,36,43
gene3409,CU928145.2,3423337,3425163,-,1827,35,54
gene3410,CU928145.2,3425070,3425789,-,720,15,4
gene3411,CU928145.2,3425720,3427057,-,1338,124,26
gene3412,CU928145.2,3427073,3428617,-,1545,345,48
gene3413,CU928145.2,3428639,3429160,-,522,104,22
gene3414,CU928145.2,3429643,3429834,+,192,9,56
gene3415,CU928145.2,3429887,3430195,-,309,12,111
gene3416,CU928145.2,3430216,3430875,-,660,18,43
gene3417,CU928145.2,3431148,3431621,-,474,1,1
gene3418,CU928145.2,3431557,3431946,-,390,0,0
gene3419,CU928145.2,3432108,3432677,-,570,1,1
gene3420,CU928145.2,3432881,3433054,+,174,0,1
gene3421,CU928145.2,3432924,3433127,-,204,0,18
gene3422,CU928145.2,3433294,3433506,-,213,17,186
gene3423,CU928145.2,3434133,3434411,+,279,0,0
gene3424,CU928145.2,3434470,3435069,+,600,5,8
gene3425,CU928145.2,3435055,3435291,-,237,1,2
gene3426,CU928145.2,3436564,3437583,+,1020,18,351
gene3427,CU928145.2,3437654,3438565,+,912,0,5
gene3428,CU928145.2,3438665,3438870,+,206,3,9
gene3429,CU928145.2,3438893,3442018,+,3126,22,26
gene3430,CU928145.2,3442133,3444655,+,2523,80,78
gene3431,CU928145.2,3444731,3445186,+,456,32,76
gene3432,CU928145.2,3445265,3445498,+,234,2,2
gene3433,CU928145.2,3445598,3446416,+,819,0,1
gene3434,CU928145.2,3446718,3447191,+,474,0,2
gene3435,CU928145.2,3447237,3447683,+,447,4,3
gene3436,CU928145.2,3447770,3447991,+,222,4,4
gene3437,CU928145.2,3448071,3448448,+,378,1,3
gene3438,CU928145.2,3448390,3448872,+,483,0,3
gene3439,CU928145.2,3448869,3449291,+,423,9,75
gene3440,CU928145.2,3449376,3450218,+,843,35,187
gene3441,CU928145.2,3450499,3451035,-,537,4,10
gene3442,CU928145.2,3451037,3452215,-,1179,0,4
gene3443,CU928145.2,3452212,3453189,-,978,0,0
gene3444,CU928145.2,3453192,3453791,-,600,0,3
gene3445,CU928145.2,3453788,3454159,-,372,0,2
gene3446,CU928145.2,3454156,3454719,-,564,1,2
gene3447,CU928145.2,3454723,3455205,-,483,0,2
gene3448,CU928145.2,3455195,3456418,-,1224,2,2
gene3449,CU928145.2,3456418,3457911,-,1494,0,4
gene3450,CU928145.2,3457911,3459971,-,2061,1,4
gene3451,CU928145.2,3460001,3460960,-,960,0,5
gene3452,CU928145.2,3460978,3461388,-,411,0,16
gene3453,CU928145.2,3461454,3462263,-,810,1,30
gene3454,CU928145.2,3462403,3466986,-,4584,8,171
gene3455,CU928145.2,3467116,3467328,+,213,0,3
gene3456,CU928145.2,3467454,3469136,-,1683,0,3
gene3457,CU928145.2,3469492,3471663,-,2172,19,12
gene3458,CU928145.2,3471685,3472089,-,405,3,5
gene3459,CU928145.2,3472094,3473317,-,1224,17,12
gene3460,CU928145.2,3473328,3474380,-,1053,4,0
gene3461,CU928145.2,3474380,3475879,-,1500,4,0
gene3462,CU928145.2,3476070,3476726,+,657,11,7
gene3463,CU928145.2,3476720,3477223,-,504,21,168
gene3464,CU928145.2,3477142,3477417,-,276,117,1258
gene3465,CU928145.2,3477459,3477551,+,93,0,1
gene3466,CU928145.2,3477551,3478723,+,1173,24,10
gene3467,CU928145.2,3478758,3479918,-,1161,4,22
gene3468,CU928145.2,3479834,3480904,-,1071,3,14
gene3469,CU928145.2,3480935,3481498,-,564,0,0
gene3470,CU928145.2,3481507,3482331,-,825,0,17
gene3471,CU928145.2,3482331,3483680,-,1350,1,7
gene3472,CU928145.2,3483726,3484484,-,759,0,1
gene3473,CU928145.2,3484516,3485229,-,714,0,4
gene3474,CU928145.2,3485403,3486095,+,693,2,8
gene3475,CU928145.2,3486144,3487643,-,1500,2,4
gene3476,CU928145.2,3487935,3489794,-,1860,55,94
gene3477,CU928145.2,3489999,3490865,+,867,47,13
gene3478,CU928145.2,3491165,3492145,+,981,182,547
gene3479,CU928145.2,3492267,3492515,-,249,8,47
gene3480,CU928145.2,3492528,3492869,-,342,2,3
gene3481,CU928145.2,3492862,3493350,-,489,5,15
gene3482,CU928145.2,3493343,3493837,-,495,4,46
gene3483,CU928145.2,3493837,3495540,-,1704,15,87
gene3484,CU928145.2,3495537,3496715,-,1179,0,27
gene3485,CU928145.2,3496705,3497691,-,987,1,30
gene3486,CU928145.2,3497694,3498812,-,1119,1,179
gene3487,CU928145.2,3498819,3499004,-,186,0,4
gene3488,CU928145.2,3499001,3499288,-,288,5,11
gene3489,CU928145.2,3499407,3500333,-,927,262,3
gene3490,CU928145.2,3500451,3501491,+,1041,97,137
gene3491,CU928145.2,3501531,3502025,-,495,9,463
gene3492,CU928145.2,3502216,3503100,+,885,219,18
gene3493,CU928145.2,3503139,3503564,-,426,55,65
gene3494,CU928145.2,3503571,3504305,-,735,193,431
gene3495,CU928145.2,3504298,3504453,-,156,1,4
gene3496,CU928145.2,3504557,3505744,+,1188,10,40
gene3497,CU928145.2,3505884,3506543,+,660,139,119
gene3498,CU928145.2,3506583,3507539,-,957,19,30
gene3499,CU928145.2,3507676,3508839,+,1164,7,48
gene3500,CU928145.2,3508944,3509771,+,828,622,14
gene3501,CU928145.2,3509971,3510897,+,927,5,9
gene3502,CU928145.2,3510948,3511205,+,258,0,4
gene3503,CU928145.2,3511248,3513467,-,2220,10,46
gene3504,CU928145.2,3513578,3514990,-,1413,18,105
gene3505,CU928145.2,3515065,3515802,-,738,13,132
gene3506,CU928145.2,3515850,3516005,-,156,1,13
gene3507,CU928145.2,3516035,3518293,-,2259,58,142
gene3508,CU928145.2,3518839,3519321,-,483,16,16
gene3509,CU928145.2,3519374,3519766,-,393,272,132
gene3510,CU928145.2,3519918,3520577,+,660,1,24
gene3511,CU928145.2,3520574,3521923,+,1350,10,40
gene3512,CU928145.2,3521969,3522301,-,333,6,4
gene3513,CU928145.2,3522620,3523201,+,582,4,26
gene3514,CU928145.2,3523232,3523546,+,315,289,1889
gene3515,CU928145.2,3523594,3525486,-,1893,615,173
gene3516,CU928145.2,3525515,3526096,-,582,13,93
gene3517,CU928145.2,3526096,3526923,-,828,49,256
gene3518,CU928145.2,3526948,3527370,-,423,29,124
gene3519,CU928145.2,3527371,3528000,-,630,18,40
gene3520,CU928145.2,3528205,3529686,+,1482,96,438
gene3521,CU928145.2,3529930,3530505,+,576,122,73
gene3522,CU928145.2,3530511,3531671,+,1161,79,190
gene3523,CU928145.2,3531709,3532524,-,816,10,20
gene3524,CU928145.2,3532640,3533413,+,774,86,220
gene3525,CU928145.2,3533471,3533665,-,195,6,477
gene3526,CU928145.2,3533902,3534555,-,654,260,221
gene3527,CU928145.2,3534659,3534807,-,149,28,347
gene3528,CU928145.2,3534929,3535219,+,291,37,276
gene3529,CU928145.2,3535502,3536053,+,552,1,79
gene3530,CU928145.2,3536104,3538617,+,2514,3,41
gene3531,CU928145.2,3538633,3539382,+,750,1,7
gene3532,CU928145.2,3539384,3540448,+,1065,14,92
gene3533,CU928145.2,3540491,3540691,-,201,1191,302
gene3534,CU928145.2,3540960,3541589,+,630,41,178
gene3535,CU928145.2,3541616,3543277,+,1662,1,34
gene3536,CU928145.2,3543501,3543650,-,150,0,0
gene3537,CU928145.2,3543503,3543650,-,148,0,0
gene3538,CU928145.2,3543877,3544026,-,150,12938,581
gene3539,CU928145.2,3544071,3545504,-,1434,20,60
gene3540,CU928145.2,3545552,3548392,-,2841,23,81
gene3541,CU928145.2,3548415,3549716,-,1302,18,33
gene3542,CU928145.2,3549733,3549939,-,207,1,24
gene3543,CU928145.2,3549958,3550578,+,621,15,80
gene3544,CU928145.2,3550642,3551880,+,1239,96,66
gene3545,CU928145.2,3552043,3552864,-,822,10,69
gene3546,CU928145.2,3552955,3553323,-,369,6,39
gene3547,CU928145.2,3553428,3554045,+,618,39,47
gene3548,CU928145.2,3554058,3554990,-,933,0,55
gene3549,CU928145.2,3555197,3556108,+,912,1,2
gene3550,CU928145.2,3556105,3556710,+,606,0,1
gene3551,CU928145.2,3556759,3558222,+,1464,10,11
gene3552,CU928145.2,3558265,3559278,-,1014,57,39
gene3553,CU928145.2,3559515,3559730,+,216,151,10066
gene3554,CU928145.2,3559841,3561586,+,1746,222,264
gene3555,CU928145.2,3561781,3563622,+,1842,241,210
gene3556,CU928145.2,3563700,3564206,-,507,29,52
gene3557,CU928145.2,3564331,3564406,+,76,1,2
gene3558,CU928145.2,3564460,3565224,-,765,10,29
gene3559,CU928145.2,3565501,3566124,+,624,10,84
gene3560,CU928145.2,3566278,3567798,-,1521,16,274
gene3561,CU928145.2,3568189,3569595,+,1407,1156,19
gene3562,CU928145.2,3569637,3569969,-,333,6,18
gene3563,CU928145.2,3570188,3571171,+,984,14,92
gene3564,CU928145.2,3571355,3574447,+,3093,2,15
gene3565,CU928145.2,3574444,3574893,+,450,12,30
gene3566,CU928145.2,3574956,3576389,+,1434,0,5
gene3567,CU928145.2,3576523,3577593,+,1071,2,7
gene3568,CU928145.2,3577610,3579961,+,2352,26,32
gene3569,CU928145.2,3580287,3582305,+,2019,100,9
gene3570,CU928145.2,3582350,3582766,-,417,17,58
gene3571,CU928145.2,3582763,3582933,-,171,4,9
gene3572,CU928145.2,3583037,3584173,-,1137,8,31
gene3573,CU928145.2,3584258,3584761,+,504,5,12
gene3574,CU928145.2,3584838,3585521,+,684,0,4
gene3575,CU928145.2,3585582,3586586,+,1005,84,113
gene3576,CU928145.2,3586663,3586850,+,188,21,8
gene3577,CU928145.2,3586869,3587834,+,966,7,7
gene3578,CU928145.2,3588233,3589477,+,1245,113,99
gene3579,CU928145.2,3589482,3590033,-,552,2,18
gene3580,CU928145.2,3590116,3591603,-,1488,5,64
gene3581,CU928145.2,3591618,3593030,-,1413,7,35
gene3582,CU928145.2,3593393,3594811,+,1419,29,66
gene3583,CU928145.2,3594899,3595987,-,1089,8,20
gene3584,CU928145.2,3595984,3598686,-,2703,161,25
gene3585,CU928145.2,3598760,3599260,-,501,0,28
gene3586,CU928145.2,3599290,3600006,-,717,0,9
gene3587,CU928145.2,3600302,3601078,+,777,48,147
gene3588,CU928145.2,3601423,3602085,+,663,58,333
gene3589,CU928145.2,3602089,3602472,+,384,14,120
gene3590,CU928145.2,3602619,3602987,+,369,288,192
gene3591,CU928145.2,3603025,3603330,+,306,54,50
gene3592,CU928145.2,3603333,3603737,+,405,29,36
gene3593,CU928145.2,3603727,3604026,+,300,58,42
gene3594,CU928145.2,3604212,3604604,+,393,2,40
gene3595,CU928145.2,3604674,3605660,+,987,240,15
gene3596,CU928145.2,3605953,3606318,+,366,18,72
gene3597,CU928145.2,3606560,3606916,+,357,5,45
gene3598,CU928145.2,3606967,3607863,-,897,17,43
gene3599,CU928145.2,3607968,3608669,+,702,6,1
gene3600,CU928145.2,3608692,3608856,+,165,5,21
gene3601,CU928145.2,3608917,3610227,-,1311,6,83
gene3602,CU928145.2,3610255,3611523,-,1269,5,54
gene3603,CU928145.2,3611861,3613225,-,1365,11,20
gene3604,CU928145.2,3613297,3613686,-,390,0,2
gene3605,CU928145.2,3613700,3615994,-,2295,1,9
gene3606,CU928145.2,3616028,3617248,-,1221,1,10
gene3607,CU928145.2,3617262,3618593,-,1332,4,32
gene3608,CU928145.2,3618615,3619604,-,990,1,67
gene3609,CU928145.2,3619703,3620641,-,939,9,669
gene3610,CU928145.2,3620818,3621174,+,357,0,9
gene3611,CU928145.2,3621430,3621969,+,540,8,18
gene3612,CU928145.2,3621991,3623178,+,1188,3,35
gene3613,CU928145.2,3623516,3624496,+,981,182,547
gene3614,CU928145.2,3625184,3625560,-,377,17857,16080
gene3615,CU928145.2,3625593,3626819,-,1227,6,15
gene3616,CU928145.2,3626835,3627725,-,891,3,14
gene3617,CU928145.2,3627755,3628525,-,771,0,6
gene3618,CU928145.2,3628541,3629875,-,1335,1,19
gene3619,CU928145.2,3630249,3631820,+,1572,6,28
gene3620,CU928145.2,3631969,3632304,+,336,42,78
gene3621,CU928145.2,3632304,3632768,+,465,32,219
gene3622,CU928145.2,3632823,3633632,-,810,35,206
gene3623,CU928145.2,3633881,3635161,+,1281,3,10
gene3624,CU928145.2,3635184,3635657,+,474,0,2
gene3625,CU928145.2,3635668,3636447,+,780,1,1
gene3626,CU928145.2,3636431,3637315,+,885,8,3
gene3627,CU928145.2,3637333,3637767,+,435,1,2
gene3628,CU928145.2,3637743,3638897,+,1155,12,7
gene3629,CU928145.2,3639247,3640401,+,1155,0,6
gene3630,CU928145.2,3640414,3641274,+,861,5,20
gene3631,CU928145.2,3641441,3641917,+,477,1,4
gene3632,CU928145.2,3641956,3642759,+,804,0,3
gene3633,CU928145.2,3642749,3643540,+,792,2,7
gene3634,CU928145.2,3643541,3644296,+,756,0,6
gene3635,CU928145.2,3644696,3645280,+,585,2,31
gene3636,CU928145.2,3645360,3646055,+,696,0,5
gene3637,CU928145.2,3646085,3648601,+,2517,14,78
gene3638,CU928145.2,3648612,3649703,+,1092,9,68
gene3639,CU928145.2,3649746,3650606,-,861,21,33
gene3640,CU928145.2,3650670,3652706,+,2037,32,56
gene3641,CU928145.2,3652664,3653059,+,396,6,9
gene3642,CU928145.2,3653079,3653669,+,591,21,119
gene3643,CU928145.2,3653679,3654254,+,576,10,52
gene3644,CU928145.2,3654368,3655408,-,1041,15,4
gene3645,CU928145.2,3655481,3656116,-,636,53,7
gene3646,CU928145.2,3656244,3656762,+,519,1041,3
gene3647,CU928145.2,3656742,3657185,-,444,32,15
gene3648,CU928145.2,3657236,3657538,+,303,7,23
gene3649,CU928145.2,3657525,3658028,-,504,12,90
gene3650,CU928145.2,3658022,3658546,-,525,46,521
gene3651,CU928145.2,3658755,3659750,+,996,1,85
gene3652,CU928145.2,3659759,3660637,+,879,5,51
gene3653,CU928145.2,3660843,3661850,+,1008,58,23
gene3654,CU928145.2,3661968,3663212,-,1245,99,52
gene3655,CU928145.2,3663366,3665255,-,1890,48,393
gene3656,CU928145.2,3665435,3666319,-,885,582,3420
gene3657,CU928145.2,3666428,3668632,-,2205,1199,686
gene3658,CU928145.2,3668620,3668793,+,174,2,55
gene3659,CU928145.2,3668810,3669079,-,270,222,10972
gene3660,CU928145.2,3669228,3670172,-,945,26,64
gene3661,CU928145.2,3670172,3670573,-,402,46,28
gene3662,CU928145.2,3670737,3673409,-,2673,153,435
gene3663,CU928145.2,3673434,3674921,-,1488,90,173
gene3664,CU928145.2,3674949,3675401,-,453,42,147
gene3665,CU928145.2,3675608,3675684,-,77,8,112
gene3666,CU928145.2,3676032,3677375,+,1344,29,39
gene3667,CU928145.2,3677383,3679008,-,1626,3,80
gene3668,CU928145.2,3679465,3679551,-,87,2,42
gene3669,CU928145.2,3679566,3679898,-,333,81,1786
gene3670,CU928145.2,3680126,3681463,-,1338,15,209
gene3671,CU928145.2,3681456,3682304,-,849,7,45
gene3672,CU928145.2,3682394,3684328,-,1935,698,2196
gene3673,CU928145.2,3684428,3685057,-,630,402,1118
gene3674,CU928145.2,3685183,3685476,+,294,81,755
gene3675,CU928145.2,3685632,3686108,-,477,36,233
gene3676,CU928145.2,3686356,3687789,+,1434,27,54
gene3677,CU928145.2,3687829,3689001,-,1173,517,90
gene3678,CU928145.2,3689017,3689982,-,966,121,69
gene3679,CU928145.2,3690109,3690366,-,258,108,1563
gene3680,CU928145.2,3690387,3690698,-,312,92,1467
gene3681,CU928145.2,3690957,3691928,+,972,102,193
gene3682,CU928145.2,3692156,3692434,+,279,8,23
gene3683,CU928145.2,3692482,3693741,-,1260,7,145
gene3684,CU928145.2,3693796,3694050,-,255,4,51
gene3685,CU928145.2,3694210,3694503,-,294,41,113
gene3686,CU928145.2,3694503,3695138,-,636,148,120
gene3687,CU928145.2,3695157,3695708,-,552,31,65
gene3688,CU928145.2,3695713,3696495,-,783,9,62
gene3689,CU928145.2,3696503,3697312,-,810,42,131
gene3690,CU928145.2,3697522,3698499,+,978,57,149
gene3691,CU928145.2,3698513,3699499,+,987,37,111
gene3692,CU928145.2,3699520,3700086,+,567,131,81
gene3693,CU928145.2,3700083,3700658,+,576,140,178
gene3694,CU928145.2,3700627,3701184,+,558,143,146
gene3695,CU928145.2,3701191,3701916,+,726,40,78
gene3696,CU928145.2,3701964,3703397,+,1434,263,407
gene3697,CU928145.2,3703420,3703707,+,288,319,539
gene3698,CU928145.2,3703825,3704316,+,492,33,93
gene3699,CU928145.2,3704362,3705216,+,855,22,82
gene3700,CU928145.2,3705213,3705485,+,273,9,40
gene3701,CU928145.2,3705698,3706330,+,633,507,334
gene3702,CU928145.2,3706327,3707055,-,729,17,55
gene3703,CU928145.2,3707052,3707705,-,654,14,101
gene3704,CU928145.2,3707823,3707943,+,121,14,13
gene3705,CU928145.2,3707935,3710271,-,2337,89,321
gene3706,CU928145.2,3710367,3711296,-,930,4,31
gene3707,CU928145.2,3711878,3716431,+,4554,6,70
gene3708,CU928145.2,3716444,3717862,+,1419,4,19
gene3709,CU928145.2,3718046,3718525,+,480,5,39
gene3710,CU928145.2,3718506,3718847,+,342,96,529
gene3711,CU928145.2,3718923,3719387,-,465,16,59
gene3712,CU928145.2,3719384,3720259,-,876,24,13
gene3713,CU928145.2,3720256,3720945,-,690,7,17
gene3714,CU928145.2,3720993,3722483,-,1491,33,30
gene3715,CU928145.2,3722592,3723485,-,894,13,262
gene3716,CU928145.2,3723607,3724398,-,792,21,120
gene3717,CU928145.2,3724778,3726145,+,1368,1,26
gene3718,CU928145.2,3726188,3726685,-,498,33,158
gene3719,CU928145.2,3726691,3727329,-,639,140,441
gene3720,CU928145.2,3727724,3728116,-,393,64,1066
gene3721,CU928145.2,3728132,3728560,-,429,128,946
gene3722,CU928145.2,3728779,3729906,-,1128,11,81
gene3723,CU928145.2,3730100,3730498,+,399,242,878
gene3724,CU928145.2,3730652,3732019,+,1368,49,60
gene3725,CU928145.2,3732109,3733176,+,1068,21,169
gene3726,CU928145.2,3733239,3734177,-,939,357,501
gene3727,CU928145.2,3734612,3735082,+,471,57,230
gene3728,CU928145.2,3735447,3735710,+,264,46,644
gene3729,CU928145.2,3735766,3736038,-,273,149,14
gene3730,CU928145.2,3736130,3738097,-,1968,5,28
gene3731,CU928145.2,3738103,3739035,-,933,14,14
gene3732,CU928145.2,3739043,3739246,-,204,1,15
gene3733,CU928145.2,3739429,3740358,+,930,47,52
gene3734,CU928145.2,3740486,3741931,-,1446,777,264
gene3735,CU928145.2,3742087,3745887,-,3801,75,267
gene3736,CU928145.2,3745955,3747424,-,1470,66,80
gene3737,CU928145.2,3747414,3748007,-,594,21,58
gene3738,CU928145.2,3748016,3748504,-,489,28,41
gene3739,CU928145.2,3748488,3748619,-,132,0,0
gene3740,CU928145.2,3748504,3749607,-,1104,2,48
gene3741,CU928145.2,3749673,3750716,-,1044,26,230
gene3742,CU928145.2,3750824,3751012,+,189,4,74
gene3743,CU928145.2,3751021,3752961,-,1941,33,126
gene3744,CU928145.2,3753113,3754087,+,975,77,100
gene3745,CU928145.2,3755065,3755535,+,471,11,125
gene3746,CU928145.2,3755546,3756895,+,1350,211,469
gene3747,CU928145.2,3757004,3757246,+,243,0,6
gene3748,CU928145.2,3757236,3758687,+,1452,17,25
gene3749,CU928145.2,3758699,3759580,+,882,10,59
gene3750,CU928145.2,3759909,3760874,+,966,19,407
gene3751,CU928145.2,3760900,3761196,+,297,9,190
gene3752,CU928145.2,3761282,3762166,+,885,2,15
gene3753,CU928145.2,3762250,3762429,+,180,1,14
gene3754,CU928145.2,3762432,3763094,-,663,0,15
gene3755,CU928145.2,3763493,3764650,+,1158,1,14
gene3756,CU928145.2,3764662,3767766,+,3105,12,40
gene3757,CU928145.2,3768019,3768240,+,222,3,4
gene3758,CU928145.2,3768466,3768642,+,177,25,0
gene3759,CU928145.2,3768779,3769696,+,918,24,10
gene3760,CU928145.2,3769764,3770945,+,1182,4,26
gene3761,CU928145.2,3770955,3772058,+,1104,2,5
gene3762,CU928145.2,3772066,3772824,+,759,2,14
gene3763,CU928145.2,3773057,3773169,-,113,53,10
gene3764,CU928145.2,3773210,3773285,-,76,0,0
gene3765,CU928145.2,3773298,3773417,-,120,52,18
gene3766,CU928145.2,3773511,3776414,-,2904,348,122
gene3767,CU928145.2,3776598,3776673,-,76,7,629
gene3768,CU928145.2,3776716,3776792,-,77,5,693
gene3769,CU928145.2,3776861,3778402,-,1542,294,119
gene3770,CU928145.2,3778874,3779428,+,555,61,276
gene3771,CU928145.2,3779404,3779661,-,258,25,135
gene3772,CU928145.2,3779658,3780476,-,819,17,170
gene3773,CU928145.2,3780481,3781053,-,573,21,73
gene3774,CU928145.2,3781058,3781600,-,543,160,229
gene3775,CU928145.2,3781629,3782102,-,474,367,327
gene3776,CU928145.2,3782074,3783198,-,1125,65,80
gene3777,CU928145.2,3783328,3783837,+,510,1887,1007
gene3778,CU928145.2,3783852,3784799,+,948,165,156
gene3779,CU928145.2,3784845,3786134,+,1290,19,59
gene3780,CU928145.2,3786156,3787532,+,1377,145,100
gene3781,CU928145.2,3787662,3788072,+,411,65,629
gene3782,CU928145.2,3788069,3788287,-,219,19,17
gene3783,CU928145.2,3788343,3788768,-,426,34,55
gene3784,CU928145.2,3788779,3789147,-,369,30,45
gene3785,CU928145.2,3789254,3789637,-,384,51,810
gene3786,CU928145.2,3789678,3790667,-,990,180,2563
gene3787,CU928145.2,3790693,3791313,-,621,112,1693
gene3788,CU928145.2,3791347,3791736,-,390,81,1058
gene3789,CU928145.2,3791753,3792109,-,357,101,1029
gene3790,CU928145.2,3792110,3792188,-,79,35,744
gene3791,CU928145.2,3792404,3793735,-,1332,882,3904
gene3792,CU928145.2,3793743,3794177,-,435,70,616
gene3793,CU928145.2,3794181,3794360,-,180,16,130
gene3794,CU928145.2,3794364,3794867,-,504,60,751
gene3795,CU928145.2,3794882,3795235,-,354,31,418
gene3796,CU928145.2,3795245,3795778,-,534,76,865
gene3797,CU928145.2,3795791,3796183,-,393,49,522
gene3798,CU928145.2,3796217,3796522,-,306,96,682
gene3799,CU928145.2,3796537,3797076,-,540,110,1039
gene3800,CU928145.2,3797091,3797405,-,315,84,730
gene3801,CU928145.2,3797416,3797787,-,372,168,928
gene3802,CU928145.2,3797952,3798206,-,255,1240,2641
gene3803,CU928145.2,3798206,3798397,-,192,12,434
gene3804,CU928145.2,3798397,3798807,-,411,26,647
gene3805,CU928145.2,3798820,3799521,-,702,33,1003
gene3806,CU928145.2,3799539,3799871,-,333,8,371
gene3807,CU928145.2,3799886,3800164,-,279,9,415
gene3808,CU928145.2,3800181,3801002,-,822,57,721
gene3809,CU928145.2,3801020,3801322,-,303,13,292
gene3810,CU928145.2,3801319,3801924,-,606,17,411
gene3811,CU928145.2,3801935,3802564,-,630,23,667
gene3812,CU928145.2,3802597,3802908,-,312,20,592
gene3813,CU928145.2,3803037,3803198,-,162,38,95
gene3814,CU928145.2,3803287,3803754,+,468,20,23
gene3815,CU928145.2,3803751,3804227,-,477,409,122
gene3816,CU928145.2,3804300,3804494,-,195,99,50
gene3817,CU928145.2,3804677,3805861,-,1185,1461,9684
gene3818,CU928145.2,3805932,3808046,-,2115,499,2764
gene3819,CU928145.2,3808143,3808613,-,471,71,508
gene3820,CU928145.2,3808710,3809084,-,375,127,866
gene3821,CU928145.2,3809210,3809497,-,288,31,77
gene3822,CU928145.2,3809505,3809864,-,360,3,12
gene3823,CU928145.2,3809864,3810250,-,387,4,40
gene3824,CU928145.2,3810250,3810972,-,723,26,553
gene3825,CU928145.2,3811139,3811951,-,813,119,4391
gene3826,CU928145.2,3812172,3812390,+,219,17,111
gene3827,CU928145.2,3812439,3813029,-,591,490,2012
gene3828,CU928145.2,3813124,3813324,-,201,12,34
gene3829,CU928145.2,3813334,3815139,-,1806,3,34
gene3830,CU928145.2,3815139,3815693,-,555,22,11
gene3831,CU928145.2,3815821,3817734,+,1914,29,52
gene3832,CU928145.2,3817734,3818756,+,1023,7,38
gene3833,CU928145.2,3818750,3818968,+,219,19,23
gene3834,CU928145.2,3819022,3819891,+,870,13,47
gene3835,CU928145.2,3819946,3820350,-,405,8,205
gene3836,CU928145.2,3820365,3820484,-,120,0,2
gene3837,CU928145.2,3820430,3820645,+,216,116,456
gene3838,CU928145.2,3820652,3821284,+,633,181,1417
gene3839,CU928145.2,3821323,3823425,+,2103,15,217
gene3840,CU928145.2,3823492,3824712,-,1221,7,20
gene3841,CU928145.2,3824798,3825361,-,564,19,9
gene3842,CU928145.2,3825393,3825995,-,603,152,8
gene3843,CU928145.2,3825985,3826152,-,168,113,11
gene3844,CU928145.2,3826257,3826829,-,573,37,283
gene3845,CU928145.2,3827100,3828281,+,1182,30,57
gene3846,CU928145.2,3828543,3831086,+,2544,3,1573
gene3847,CU928145.2,3831083,3831409,+,327,2,197
gene3848,CU928145.2,3831536,3832342,+,807,3,103
gene3849,CU928145.2,3832361,3833734,+,1374,21,148
gene3850,CU928145.2,3833981,3834148,+,168,22,147
gene3851,CU928145.2,3834443,3835780,+,1338,8,3
gene3852,CU928145.2,3835801,3836823,+,1023,3,8
gene3853,CU928145.2,3836873,3837703,+,831,3,2
gene3854,CU928145.2,3837700,3838485,+,786,1,1
gene3855,CU928145.2,3838585,3839316,+,732,15,39
gene3856,CU928145.2,3839468,3840553,-,1086,4,11
gene3857,CU928145.2,3840565,3841869,-,1305,4,4
gene3858,CU928145.2,3841881,3842234,-,354,0,2
gene3859,CU928145.2,3842245,3843123,-,879,3,1
gene3860,CU928145.2,3843120,3844346,-,1227,3,5
gene3861,CU928145.2,3844346,3845509,-,1164,1,0
gene3862,CU928145.2,3845593,3845955,-,363,5,17
gene3863,CU928145.2,3845972,3846877,-,906,13,20
gene3864,CU928145.2,3847146,3848150,-,1005,39,490
gene3865,CU928145.2,3848143,3848901,-,759,14,44
gene3866,CU928145.2,3848894,3849571,-,678,9,53
gene3867,CU928145.2,3849589,3850425,-,837,14,144
gene3868,CU928145.2,3850532,3851818,-,1287,74,453
gene3869,CU928145.2,3851910,3852998,-,1089,42,244
gene3870,CU928145.2,3853055,3853576,-,522,48,287
gene3871,CU928145.2,3853977,3855215,-,1239,4,7
gene3872,CU928145.2,3855127,3855531,-,405,0,1
gene3873,CU928145.2,3855521,3855961,-,441,0,2
gene3874,CU928145.2,3855945,3856484,-,540,0,2
gene3875,CU928145.2,3856484,3857263,-,780,12,1
gene3876,CU928145.2,3857383,3859935,+,2553,15,66
gene3877,CU928145.2,3860103,3860663,-,561,27,220
gene3878,CU928145.2,3860983,3863118,+,2136,124,385
gene3879,CU928145.2,3863183,3863851,+,669,40,86
gene3880,CU928145.2,3863862,3864263,+,402,10,28
gene3881,CU928145.2,3864288,3865166,+,879,40,87
gene3882,CU928145.2,3865301,3867025,-,1725,26,118
gene3883,CU928145.2,3867101,3867232,-,132,15,18
gene3884,CU928145.2,3867404,3869026,+,1623,107,812
gene3885,CU928145.2,3869143,3869460,+,318,212,69
gene3886,CU928145.2,3869519,3869815,+,297,56,91
gene3887,CU928145.2,3869845,3871197,-,1353,27,89
gene3888,CU928145.2,3871194,3871913,-,720,102,113
gene3889,CU928145.2,3872141,3872617,+,477,13,54
gene3890,CU928145.2,3872714,3875035,+,2322,8,84
gene3891,CU928145.2,3875473,3875700,+,228,0,343
gene3892,CU928145.2,3875717,3878038,+,2322,11,229
gene3893,CU928145.2,3878038,3878274,+,237,3,91
gene3894,CU928145.2,3878477,3879355,+,879,1,35
gene3895,CU928145.2,3879384,3880154,-,771,5,44
gene3896,CU928145.2,3880192,3880875,+,684,19,92
gene3897,CU928145.2,3880934,3881509,+,576,155,121
gene3898,CU928145.2,3881870,3883186,+,1317,14,144
gene3899,CU928145.2,3883231,3885315,-,2085,16,126
gene3900,CU928145.2,3885325,3887718,-,2394,7,212
gene3901,CU928145.2,3888330,3891035,+,2706,91,588
gene3902,CU928145.2,3891078,3892094,-,1017,11,18
gene3903,CU928145.2,3892098,3893324,-,1227,42,7
gene3904,CU928145.2,3893513,3895111,+,1599,4,12
gene3905,CU928145.2,3895093,3895851,-,759,23,62
gene3906,CU928145.2,3895868,3896698,-,831,17,29
gene3907,CU928145.2,3896743,3897069,-,327,12,15
gene3908,CU928145.2,3897259,3898764,+,1506,239,371
gene3909,CU928145.2,3898816,3899421,-,606,8,29
gene3910,CU928145.2,3899424,3900191,-,768,0,18
gene3911,CU928145.2,3900194,3900904,-,711,6,16
gene3912,CU928145.2,3900920,3902437,-,1518,1,5
gene3913,CU928145.2,3902553,3905000,-,2448,91,250
gene3914,CU928145.2,3905019,3906452,-,1434,28,52
gene3915,CU928145.2,3906452,3907747,-,1296,36,57
gene3916,CU928145.2,3907765,3909738,-,1974,62,94
gene3917,CU928145.2,3909735,3911921,-,2187,93,79
gene3918,CU928145.2,3912194,3913297,-,1104,91,310
gene3919,CU928145.2,3913490,3914083,+,594,4,25
gene3920,CU928145.2,3914140,3915480,-,1341,3,30
gene3921,CU928145.2,3915484,3916011,-,528,1,24
gene3922,CU928145.2,3916150,3917145,-,996,99,110
gene3923,CU928145.2,3917369,3918064,-,696,112,100
gene3924,CU928145.2,3918187,3919224,-,1038,51,159
gene3925,CU928145.2,3919345,3919434,-,90,102,8
gene3926,CU928145.2,3919556,3920044,+,489,8,19
gene3927,CU928145.2,3920281,3921459,+,1179,2,16
gene3928,CU928145.2,3921456,3921950,+,495,1,5
gene3929,CU928145.2,3922036,3922200,+,165,1,2
gene3930,CU928145.2,3922400,3922684,+,285,0,2
gene3931,CU928145.2,3922722,3924464,-,1743,46,7
gene3932,CU928145.2,3924584,3925024,+,441,467,22
gene3933,CU928145.2,3925011,3925754,-,744,23,19
gene3934,CU928145.2,3925751,3926821,-,1071,5,3
gene3935,CU928145.2,3926823,3927668,-,846,6,0
gene3936,CU928145.2,3927665,3928552,-,888,9,1
gene3937,CU928145.2,3928650,3929966,-,1317,90,10
gene3938,CU928145.2,3930362,3931075,-,714,1,5
gene3939,CU928145.2,3931077,3931844,-,768,1,5
gene3940,CU928145.2,3931841,3933118,-,1278,1,1
gene3941,CU928145.2,3933115,3934041,-,927,2,4
gene3942,CU928145.2,3934089,3935198,-,1110,3,12
gene3943,CU928145.2,3935622,3936005,+,384,9,43
gene3944,CU928145.2,3936204,3937307,-,1104,0,14
gene3945,CU928145.2,3937578,3938432,-,855,210,1100
gene3946,CU928145.2,3938677,3939735,-,1059,31,218
gene3947,CU928145.2,3939728,3940396,-,669,22,190
gene3948,CU928145.2,3940399,3941892,-,1494,50,140
gene3949,CU928145.2,3942042,3942638,+,597,0,29
gene3950,CU928145.2,3942505,3942897,+,393,0,18
gene3951,CU928145.2,3942900,3943259,-,360,0,50
gene3952,CU928145.2,3943400,3944026,+,627,59,117
gene3953,CU928145.2,3944100,3946298,+,2199,370,107
gene3954,CU928145.2,3946400,3946645,-,246,15,69
gene3955,CU928145.2,3946866,3947531,+,666,9,29
gene3956,CU928145.2,3947604,3948161,+,558,77,383
gene3957,CU928145.2,3948165,3949382,-,1218,13,83
gene3958,CU928145.2,3949514,3950563,+,1050,62,14
gene3959,CU928145.2,3950618,3951205,+,588,16,34
gene3960,CU928145.2,3951316,3952890,+,1575,2,152
gene3961,CU928145.2,3952890,3953834,+,945,0,54
gene3962,CU928145.2,3953831,3954664,+,834,0,35
gene3963,CU928145.2,3954664,3955428,+,765,1,39
gene3964,CU928145.2,3955425,3956231,+,807,1,39
gene3965,CU928145.2,3956237,3956638,+,402,1,51
gene3966,CU928145.2,3956758,3957117,-,360,124,838
gene3967,CU928145.2,3957448,3958572,-,1125,1,50
gene3968,CU928145.2,3958572,3961307,-,2736,6,55
gene3969,CU928145.2,3961304,3962371,-,1068,19,32
gene3970,CU928145.2,3962737,3964089,-,1353,89,27
gene3971,CU928145.2,3964164,3964358,-,195,0,2
gene3972,CU928145.2,3964620,3965012,-,393,0,3
gene3973,CU928145.2,3965159,3966244,-,1086,9,10
gene3974,CU928145.2,3966263,3966430,-,168,1,0
gene3975,CU928145.2,3966629,3967681,+,1053,312,15
gene3976,CU928145.2,3968341,3968808,-,468,9,47
gene3977,CU928145.2,3968993,3970393,-,1401,5,126
gene3978,CU928145.2,3970390,3971076,-,687,6,19
gene3979,CU928145.2,3971125,3972054,-,930,11,85
gene3980,CU928145.2,3972059,3972439,-,381,2,88
gene3981,CU928145.2,3972479,3973378,-,900,6,15
gene3982,CU928145.2,3973375,3975198,-,1824,42,64
gene3983,CU928145.2,3975427,3975876,+,450,7,17
gene3984,CU928145.2,3976165,3976902,+,738,5,54
gene3985,CU928145.2,3977174,3979621,-,2448,99,40
gene3986,CU928145.2,3979748,3980194,-,447,8,24
gene3987,CU928145.2,3980275,3983421,-,3147,11,36
gene3988,CU928145.2,3983432,3984724,-,1293,6,52
gene3989,CU928145.2,3984838,3985191,-,354,3,54
gene3990,CU928145.2,3985219,3986907,-,1689,24,216
gene3991,CU928145.2,3986794,3987474,+,681,17,41
gene3992,CU928145.2,3987467,3988948,+,1482,42,230
gene3993,CU928145.2,3989076,3989624,+,549,3,17
gene3994,CU928145.2,3989772,3990122,+,351,1249,2048
gene3995,CU928145.2,3990291,3992177,-,1887,14,57
gene3996,CU928145.2,3992681,3993010,-,330,26,78
gene3997,CU928145.2,3993333,3994259,-,927,5,10
gene3998,CU928145.2,3995125,3995400,+,276,179,1374
gene3999,CU928145.2,3995319,3995822,+,504,21,168
gene4000,CU928145.2,3995816,3996613,-,798,17,196
gene4001,CU928145.2,3996645,3998093,-,1449,23,46
gene4002,CU928145.2,3998093,4000216,-,2124,54,122
gene4003,CU928145.2,4000203,4001045,-,843,47,218
gene4004,CU928145.2,4001188,4002390,-,1203,6,23
gene4005,CU928145.2,4002622,4004121,+,1500,113,250
gene4006,CU928145.2,4004192,4004527,-,336,649,48
gene4007,CU928145.2,4004918,4005352,+,435,76,1183
gene4008,CU928145.2,4005670,4007139,+,1470,74,129
gene4009,CU928145.2,4007188,4007940,-,753,24,38
gene4010,CU928145.2,4007948,4009990,-,2043,183,175
gene4011,CU928145.2,4010193,4011035,+,843,12,36
gene4012,CU928145.2,4011107,4012459,+,1353,34,92
gene4013,CU928145.2,4012513,4012662,-,150,70,911
gene4014,CU928145.2,4012618,4012797,+,180,22,334
gene4015,CU928145.2,4013336,4013689,+,354,0,5
gene4016,CU928145.2,4013743,4015032,+,1290,7,10
gene4017,CU928145.2,4015045,4015470,+,426,5,19
gene4018,CU928145.2,4015604,4015900,-,297,3,26
gene4019,CU928145.2,4015995,4017020,+,1026,0,12
gene4020,CU928145.2,4017600,4018745,+,1146,5,7
gene4021,CU928145.2,4019069,4019635,+,567,938,28
gene4022,CU928145.2,4019791,4020321,+,531,10,7
gene4023,CU928145.2,4020363,4021010,-,648,17,10
gene4024,CU928145.2,4021074,4021400,-,327,615,181
gene4025,CU928145.2,4021516,4021848,-,333,1853,326
gene4026,CU928145.2,4022103,4022675,+,573,304,26
gene4027,CU928145.2,4023474,4024001,+,528,23113,50
gene4028,CU928145.2,4024340,4025497,+,1158,20,4
gene4029,CU928145.2,4025522,4028635,+,3114,29,58
gene4030,CU928145.2,4028998,4029726,-,729,105,98
gene4031,CU928145.2,4029972,4030076,+,105,342,21
gene4032,CU928145.2,4030094,4030918,-,825,7247,393
gene4033,CU928145.2,4031288,4032688,-,1401,1363,31
gene4034,CU928145.2,4032899,4034296,-,1398,5,71
gene4035,CU928145.2,4034701,4036350,+,1650,69,22
gene4036,CU928145.2,4036401,4037003,-,603,28,91
gene4037,CU928145.2,4037451,4038422,+,972,6,16
gene4038,CU928145.2,4038471,4039484,+,1014,191,58
gene4039,CU928145.2,4039895,4041217,+,1323,10,10
gene4040,CU928145.2,4041451,4043526,-,2076,429,137
gene4041,CU928145.2,4043581,4044348,-,768,4,186
gene4042,CU928145.2,4044302,4044496,+,195,1,3
gene4043,CU928145.2,4044580,4045509,+,930,208,1419
gene4044,CU928145.2,4045605,4047101,-,1497,21,178
gene4045,CU928145.2,4047322,4048608,-,1287,18,148
gene4046,CU928145.2,4048791,4050740,-,1950,53,106
gene4047,CU928145.2,4050861,4054334,-,3474,104,79
gene4048,CU928145.2,4054316,4055422,-,1107,5,35
gene4049,CU928145.2,4055429,4057768,-,2340,11,137
gene4050,CU928145.2,4057779,4060397,-,2619,38,260
gene4051,CU928145.2,4060394,4061146,-,753,8,43
gene4052,CU928145.2,4061158,4061346,-,189,57,112
gene4053,CU928145.2,4061619,4063190,+,1572,116,484
gene4054,CU928145.2,4063187,4063378,+,192,2,10
gene4055,CU928145.2,4063375,4065054,+,1680,20,118
gene4056,CU928145.2,4065141,4065308,-,168,82,120
gene4057,CU928145.2,4065297,4065360,+,64,22,141
gene4058,CU928145.2,4066107,4066349,-,243,126,276
gene4059,CU928145.2,4066745,4066808,+,64,23,68
gene4060,CU928145.2,4066861,4067022,-,162,1,17
gene4061,CU928145.2,4067172,4068443,+,1272,4,61
gene4062,CU928145.2,4068473,4069477,-,1005,5,16
gene4063,CU928145.2,4069474,4070457,-,984,2,2
gene4064,CU928145.2,4070468,4071370,-,903,2,3
gene4065,CU928145.2,4071380,4072399,-,1020,1,1
gene4066,CU928145.2,4072417,4072560,+,144,8,1
gene4067,CU928145.2,4072550,4074157,-,1608,70,27
gene4068,CU928145.2,4074901,4074977,-,77,148,8
gene4069,CU928145.2,4075069,4076760,-,1692,484,163
gene4070,CU928145.2,4077013,4077537,-,525,2,23
gene4071,CU928145.2,4077543,4078598,-,1056,2,12
gene4072,CU928145.2,4078609,4081140,-,2532,12,30
gene4073,CU928145.2,4081164,4081850,-,687,3,4
gene4074,CU928145.2,4081934,4082458,-,525,1,2
gene4075,CU928145.2,4082782,4084029,-,1248,1,10
gene4076,CU928145.2,4084213,4084911,-,699,255,26
gene4077,CU928145.2,4085069,4085632,+,564,5,22
gene4078,CU928145.2,4085629,4086069,+,441,1,3
gene4079,CU928145.2,4086038,4088317,-,2280,8,50
gene4080,CU928145.2,4088524,4089183,+,660,1,13
gene4081,CU928145.2,4089287,4090261,+,975,9,90
gene4082,CU928145.2,4090311,4091021,-,711,47,1192
gene4083,CU928145.2,4091455,4091745,+,291,1978,53
gene4084,CU928145.2,4092026,4092238,+,213,667,150604
gene4085,CU928145.2,4092904,4094973,-,2070,162,470
gene4086,CU928145.2,4094983,4095894,-,912,41,97
gene4087,CU928145.2,4095989,4096288,-,300,11,11
gene4088,CU928145.2,4096463,4097458,+,996,5,41
gene4089,CU928145.2,4097500,4097937,-,438,3,34
gene4090,CU928145.2,4097983,4098324,-,342,3,10
gene4091,CU928145.2,4098493,4099947,-,1455,10,10
gene4092,CU928145.2,4100019,4101341,-,1323,113,33
gene4093,CU928145.2,4101707,4102699,+,993,3,11
gene4094,CU928145.2,4102777,4104318,+,1542,11,33
gene4095,CU928145.2,4104296,4105477,+,1182,4,8
gene4096,CU928145.2,4105389,4105565,+,177,0,2
gene4097,CU928145.2,4105555,4106733,+,1179,16,99
gene4098,CU928145.2,4106929,4107753,-,825,276,633
gene4099,CU928145.2,4108073,4110103,+,2031,6,41
gene4100,CU928145.2,4110281,4111534,+,1254,12,62
gene4101,CU928145.2,4111686,4112159,-,474,5,138
gene4102,CU928145.2,4112261,4113109,-,849,8,23
gene4103,CU928145.2,4113310,4114308,+,999,3,6
gene4104,CU928145.2,4114320,4114787,+,468,1,0
gene4105,CU928145.2,4114905,4115378,+,474,1,1
gene4106,CU928145.2,4115381,4116658,+,1278,2,5
gene4107,CU928145.2,4116671,4117657,+,987,1,1
gene4108,CU928145.2,4117661,4119157,+,1497,0,12
gene4109,CU928145.2,4119154,4119816,+,663,0,1
gene4110,CU928145.2,4119809,4120669,+,861,0,2
gene4111,CU928145.2,4120663,4121358,+,696,3,5
gene4112,CU928145.2,4121705,4122445,-,741,1,4
gene4113,CU928145.2,4122569,4123543,+,975,23,7
gene4114,CU928145.2,4123540,4124676,-,1137,5,13
gene4115,CU928145.2,4124682,4125005,-,324,3,5
gene4116,CU928145.2,4125119,4125331,+,213,0,15
gene4117,CU928145.2,4125550,4127088,-,1539,760,5
gene4118,CU928145.2,4127253,4128404,-,1152,6,13
gene4119,CU928145.2,4128594,4130438,-,1845,7,102
gene4120,CU928145.2,4130435,4131826,-,1392,8,84
gene4121,CU928145.2,4131924,4132532,-,609,80,24
gene4122,CU928145.2,4132531,4132674,+,144,0,1
gene4123,CU928145.2,4132761,4136726,+,3966,92,145
gene4124,CU928145.2,4136968,4137351,+,384,1,3
gene4125,CU928145.2,4137441,4137959,+,519,4,4
gene4126,CU928145.2,4137970,4138473,-,504,23,183
gene4127,CU928145.2,4138392,4138667,-,276,178,1372
gene4128,CU928145.2,4138824,4139075,+,252,660,412
gene4129,CU928145.2,4139117,4140061,+,945,45,197
gene4130,CU928145.2,4140073,4140534,+,462,13,59
gene4131,CU928145.2,4141241,4141552,+,312,0,9
gene4132,CU928145.2,4142133,4143269,-,1137,15,10
gene4133,CU928145.2,4143272,4143634,-,363,9,6
gene4134,CU928145.2,4144171,4146084,+,1914,82,128
gene4135,CU928145.2,4146314,4147462,+,1149,36,58
gene4136,CU928145.2,4147462,4148049,+,588,1073,79
gene4137,CU928145.2,4148061,4148270,-,210,412,72
gene4138,CU928145.2,4148555,4148917,+,363,27,363
gene4139,CU928145.2,4149461,4150144,+,684,0,2
gene4140,CU928145.2,4150188,4155038,+,4851,79,161
gene4141,CU928145.2,4155407,4157062,+,1656,61,91
gene4142,CU928145.2,4157062,4157838,+,777,10,64
gene4143,CU928145.2,4157835,4159025,+,1191,15,100
gene4144,CU928145.2,4159211,4159684,+,474,4,20
gene4145,CU928145.2,4159737,4160558,-,822,52,82
gene4146,CU928145.2,4160638,4161657,-,1020,38,124
gene4147,CU928145.2,4161657,4162124,-,468,82,725
gene4148,CU928145.2,4162187,4162438,-,252,47,105
gene4149,CU928145.2,4162580,4163011,-,432,35,368
gene4150,CU928145.2,4163256,4164800,+,1545,55,470
gene4151,CU928145.2,4164834,4166093,+,1260,9,54
gene4152,CU928145.2,4166097,4167056,+,960,5,33
gene4153,CU928145.2,4167043,4168077,-,1035,4,20
gene4154,CU928145.2,4168316,4169341,-,1026,64,329
gene4155,CU928145.2,4169351,4170547,-,1197,51,235
gene4156,CU928145.2,4170822,4171679,-,858,38,857
gene4157,CU928145.2,4171983,4172915,+,933,68,139
gene4158,CU928145.2,4172925,4173971,+,1047,14,84
gene4159,CU928145.2,4173975,4174967,+,993,8,131
gene4160,CU928145.2,4174964,4176172,+,1209,50,1872
gene4161,CU928145.2,4176208,4177350,-,1143,234,1667
gene4162,CU928145.2,4177359,4178372,-,1014,183,1304
gene4163,CU928145.2,4178397,4179104,-,708,200,1002
gene4164,CU928145.2,4179130,4180137,-,1008,196,884
gene4165,CU928145.2,4180180,4180986,-,807,37,220
gene4166,CU928145.2,4180970,4182094,-,1125,32,70
gene4167,CU928145.2,4182091,4183149,-,1059,51,331
gene4168,CU928145.2,4183562,4184839,+,1278,47,144
gene4169,CU928145.2,4184847,4185326,+,480,15,39
gene4170,CU928145.2,4185365,4186174,-,810,4,30
gene4171,CU928145.2,4186272,4186439,-,168,109,2778
gene4172,CU928145.2,4186460,4186696,-,237,127,7064
gene4173,CU928145.2,4186913,4187581,-,669,11,175
gene4174,CU928145.2,4187753,4188973,+,1221,9,61
gene4175,CU928145.2,4188954,4189409,+,456,12,83
gene4176,CU928145.2,4189516,4190112,+,597,3,70
gene4177,CU928145.2,4190149,4190790,-,642,0,23
gene4178,CU928145.2,4190856,4191596,-,741,13,60
gene4179,CU928145.2,4191699,4192562,+,864,113,177
gene4180,CU928145.2,4192771,4193607,+,837,18,61
gene4181,CU928145.2,4193899,4194516,+,618,1,149
gene4182,CU928145.2,4194513,4196195,-,1683,3,20
gene4183,CU928145.2,4196453,4197076,+,624,140,582
gene4184,CU928145.2,4197131,4197406,+,276,48,69
gene4185,CU928145.2,4197425,4199533,+,2109,42,225
gene4186,CU928145.2,4199540,4200229,+,690,7,58
gene4187,CU928145.2,4200235,4202316,+,2082,4,61
gene4188,CU928145.2,4202482,4203687,-,1206,18,36
gene4189,CU928145.2,4203967,4205358,+,1392,50,40
gene4190,CU928145.2,4205479,4207188,+,1710,106,157
gene4191,CU928145.2,4207241,4209559,-,2319,21,37
gene4192,CU928145.2,4209569,4210951,-,1383,2,16
gene4193,CU928145.2,4211244,4211334,+,91,4,25
gene4194,CU928145.2,4211444,4211593,+,150,0,5
gene4195,CU928145.2,4211975,4213159,+,1185,0,4
gene4196,CU928145.2,4213270,4214193,+,924,17,74
gene4197,CU928145.2,4214197,4215015,-,819,13,53
gene4198,CU928145.2,4215237,4215530,+,294,13,22
gene4199,CU928145.2,4215571,4216926,-,1356,3,28
gene4200,CU928145.2,4216972,4217424,-,453,5,10
gene4201,CU928145.2,4217477,4218811,-,1335,3,3
gene4202,CU928145.2,4218986,4220752,+,1767,6,20
gene4203,CU928145.2,4220797,4222188,-,1392,7,366
gene4204,CU928145.2,4222326,4223645,-,1320,0,9
gene4205,CU928145.2,4223655,4225157,-,1503,0,9
gene4206,CU928145.2,4225157,4225747,-,591,2,2
gene4207,CU928145.2,4225822,4226112,-,291,59,21
gene4208,CU928145.2,4226116,4227804,-,1689,29,28
gene4209,CU928145.2,4227788,4228285,+,498,13,20
gene4210,CU928145.2,4227910,4228008,-,99,0,0
gene4211,CU928145.2,4228138,4228277,-,140,0,0
gene4212,CU928145.2,4228537,4228788,-,252,172,511
gene4213,CU928145.2,4229081,4230265,+,1185,12,21
gene4214,CU928145.2,4230273,4230770,-,498,16,83
gene4215,CU928145.2,4230767,4231129,-,363,2,6
gene4216,CU928145.2,4231119,4231466,-,348,15,7
gene4217,CU928145.2,4231575,4232024,+,450,2,8
gene4218,CU928145.2,4232071,4233564,-,1494,31,13
gene4219,CU928145.2,4233561,4235276,-,1716,4,2
gene4220,CU928145.2,4235413,4236336,+,924,18,17
gene4221,CU928145.2,4236333,4236545,-,213,0,1
gene4222,CU928145.2,4236509,4237147,-,639,3,7
gene4223,CU928145.2,4237147,4239024,-,1878,2,9
gene4224,CU928145.2,4239059,4239775,+,717,0,3
gene4225,CU928145.2,4239772,4241433,-,1662,14,151
gene4226,CU928145.2,4241630,4242058,-,429,8,80
gene4227,CU928145.2,4242170,4242583,-,414,34,245
gene4228,CU928145.2,4242889,4243221,+,333,75,94
gene4229,CU928145.2,4243223,4244437,-,1215,11,37
gene4230,CU928145.2,4244538,4245602,+,1065,1,11
gene4231,CU928145.2,4245599,4246891,-,1293,2,9
gene4232,CU928145.2,4247011,4248159,-,1149,2,2
gene4233,CU928145.2,4248156,4248773,-,618,3,6
gene4234,CU928145.2,4248757,4249635,-,879,10,12
gene4235,CU928145.2,4249632,4250321,-,690,8,19
gene4236,CU928145.2,4250599,4251255,+,657,15,114
gene4237,CU928145.2,4251301,4252113,-,813,27,69
gene4238,CU928145.2,4252228,4252626,-,399,48,35
gene4239,CU928145.2,4252866,4255280,-,2415,120,402
gene4240,CU928145.2,4255309,4256382,-,1074,10,66
gene4241,CU928145.2,4256382,4257482,-,1101,17,103
gene4242,CU928145.2,4257487,4258890,-,1404,34,317
gene4243,CU928145.2,4259497,4259637,+,141,47,2943
gene4244,CU928145.2,4259654,4260013,+,360,0,77
gene4245,CU928145.2,4259977,4260234,+,258,0,36
gene4246,CU928145.2,4260237,4261883,+,1647,40,713
gene4247,CU928145.2,4261989,4263353,+,1365,9,64
gene4248,CU928145.2,4263596,4263670,+,75,65,49
gene4249,CU928145.2,4263891,4265306,+,1416,15,381
gene4250,CU928145.2,4265397,4266644,+,1248,1,41
gene4251,CU928145.2,4266777,4267952,+,1176,1,12
gene4252,CU928145.2,4267927,4268886,+,960,33,51
gene4253,CU928145.2,4269031,4269792,+,762,8,63
gene4254,CU928145.2,4269814,4270380,+,567,13,82
gene4255,CU928145.2,4270434,4271771,-,1338,4,52
gene4256,CU928145.2,4271938,4272603,+,666,7,72
gene4257,CU928145.2,4272670,4273143,+,474,0,13
gene4258,CU928145.2,4273192,4273779,+,588,7,111
gene4259,CU928145.2,4273841,4274563,-,723,0,20
gene4260,CU928145.2,4274578,4275774,-,1197,3,14
gene4261,CU928145.2,4275774,4277390,-,1617,0,5
gene4262,CU928145.2,4277476,4278870,-,1395,1,12
gene4263,CU928145.2,4278889,4280766,-,1878,1,10
gene4264,CU928145.2,4280900,4281277,-,378,0,1
gene4265,CU928145.2,4281293,4281760,-,468,0,3
gene4266,CU928145.2,4282022,4282747,-,726,6,57
gene4267,CU928145.2,4282762,4283535,-,774,6,50
gene4268,CU928145.2,4283626,4284516,-,891,5,15
gene4269,CU928145.2,4284516,4285475,-,960,1,26
gene4270,CU928145.2,4285562,4286602,-,1041,4,56
gene4271,CU928145.2,4286850,4287923,-,1074,4,63
gene4272,CU928145.2,4287934,4290456,-,2523,32,74
gene4273,CU928145.2,4290481,4291212,-,732,3,7
gene4274,CU928145.2,4291260,4291832,-,573,3,60
gene4275,CU928145.2,4292134,4293963,-,1830,69,1214
gene4276,CU928145.2,4294125,4295495,-,1371,124,444
gene4277,CU928145.2,4295846,4296265,-,420,54,387
gene4278,CU928145.2,4296286,4297668,-,1383,30,501
gene4279,CU928145.2,4297695,4298558,-,864,10,333
gene4280,CU928145.2,4298609,4300150,-,1542,24,937
gene4281,CU928145.2,4300163,4300696,-,534,13,420
gene4282,CU928145.2,4300711,4301181,-,471,9,652
gene4283,CU928145.2,4301243,4301482,-,240,12,442
gene4284,CU928145.2,4301529,4302344,-,816,34,672
gene4285,CU928145.2,4302353,4302733,-,381,12,308
gene4286,CU928145.2,4303350,4303973,-,624,41,157
gene4287,CU928145.2,4304037,4305926,-,1890,17,152
gene4288,CU928145.2,4306305,4306748,-,444,32,104
gene4289,CU928145.2,4306838,4307296,-,459,5,24
gene4290,CU928145.2,4307448,4308440,+,993,20,529
gene4291,CU928145.2,4308445,4309896,-,1452,14,122
gene4292,CU928145.2,4309890,4311386,-,1497,14,205
gene4293,CU928145.2,4311609,4313477,+,1869,6,82
gene4294,CU928145.2,4313644,4314063,+,420,65,1948
gene4295,CU928145.2,4314071,4315576,+,1506,8,204
gene4296,CU928145.2,4315581,4316546,+,966,7,173
gene4297,CU928145.2,4316571,4317461,+,891,58,1002
gene4298,CU928145.2,4317587,4318516,+,930,8,259
gene4299,CU928145.2,4318520,4319512,+,993,23,169
gene4300,CU928145.2,4319478,4320905,-,1428,13,138
gene4301,CU928145.2,4320928,4321620,-,693,22,437
gene4302,CU928145.2,4322101,4323642,+,1542,294,119
gene4303,CU928145.2,4323728,4323803,+,76,53,8138
gene4304,CU928145.2,4323997,4326900,+,2904,363,204
gene4305,CU928145.2,4326993,4327112,+,120,52,24
gene4306,CU928145.2,4327165,4327241,+,77,4,23
gene4307,CU928145.2,4327250,4327325,+,76,16,80
gene4308,CU928145.2,4327421,4328260,-,840,103,199
gene4309,CU928145.2,4328379,4328717,+,339,100,2280
gene4310,CU928145.2,4328742,4330292,-,1551,4,33
gene4311,CU928145.2,4330615,4330713,+,99,220,645
gene4312,CU928145.2,4330853,4332499,+,1647,22,59
gene4313,CU928145.2,4332496,4332759,+,264,1,6
gene4314,CU928145.2,4332779,4333708,+,930,17,52
gene4315,CU928145.2,4333773,4335623,+,1851,11,51
gene4316,CU928145.2,4335626,4337170,+,1545,28,43
gene4317,CU928145.2,4337222,4338115,-,894,14,49
gene4318,CU928145.2,4338265,4339740,+,1476,20,747
gene4319,CU928145.2,4339827,4340108,-,282,5,372
gene4320,CU928145.2,4340307,4340798,-,492,22,167
gene4321,CU928145.2,4340973,4342994,+,2022,13,48
gene4322,CU928145.2,4343041,4344525,-,1485,63,221
gene4323,CU928145.2,4344659,4345924,-,1266,177,320
gene4324,CU928145.2,4346055,4346384,+,330,416,5141
gene4325,CU928145.2,4346525,4346626,+,102,82,974
gene4326,CU928145.2,4346711,4347970,+,1260,39,1254
gene4327,CU928145.2,4347980,4348198,+,219,1,41
gene4328,CU928145.2,4348210,4349313,+,1104,54,383
gene4329,CU928145.2,4349325,4350371,+,1047,46,168
gene4330,CU928145.2,4350427,4351557,+,1131,7,152
gene4331,CU928145.2,4351554,4352816,+,1263,4,109
gene4332,CU928145.2,4352816,4353883,+,1068,20,74
gene4333,CU928145.2,4353902,4354783,+,882,13,28
gene4334,CU928145.2,4354761,4355435,+,675,7,21
gene4335,CU928145.2,4355440,4356570,+,1131,15,19
gene4336,CU928145.2,4356572,4357822,+,1251,4,31
gene4337,CU928145.2,4357819,4358898,+,1080,15,40
gene4338,CU928145.2,4358895,4360247,+,1353,19,22
gene4339,CU928145.2,4360250,4360990,+,741,20,49
gene4340,CU928145.2,4361181,4362566,+,1386,676,75
gene4341,CU928145.2,4362669,4362745,+,77,51,121
gene4342,CU928145.2,4362804,4362879,+,76,16,563
gene4343,CU928145.2,4362900,4362986,+,87,100,388
gene4344,CU928145.2,4363029,4363105,+,77,1,41
gene4345,CU928145.2,4363252,4364487,+,1236,4,30
gene4346,CU928145.2,4364571,4364732,-,162,1,2
gene4347,CU928145.2,4365157,4365328,+,172,1842,10548
gene4348,CU928145.2,4365411,4366607,-,1197,45,338
gene4349,CU928145.2,4366610,4367815,-,1206,39,272
gene4350,CU928145.2,4367837,4368577,-,741,78,56
gene4351,CU928145.2,4368574,4369515,-,942,125,166
gene4352,CU928145.2,4369902,4372448,+,2547,816,1481
gene4353,CU928145.2,4372488,4372808,-,321,29,141
gene4354,CU928145.2,4372856,4374181,-,1326,2,31
gene4355,CU928145.2,4374178,4375686,-,1509,5,26
gene4356,CU928145.2,4376024,4376578,-,555,4,13
gene4357,CU928145.2,4376585,4376719,-,135,0,3
gene4358,CU928145.2,4376928,4377131,+,204,25,45
gene4359,CU928145.2,4377168,4377992,+,825,20,63
gene4360,CU928145.2,4377989,4378696,+,708,0,21
gene4361,CU928145.2,4378693,4379589,+,897,3,52
gene4362,CU928145.2,4379589,4380305,+,717,5,43
gene4363,CU928145.2,4380389,4382551,+,2163,49,68
gene4364,CU928145.2,4382698,4383462,-,765,3,31
gene4365,CU928145.2,4383832,4384782,+,951,22,49
gene4366,CU928145.2,4384824,4385315,-,492,1,6
gene4367,CU928145.2,4385312,4386166,-,855,3,13
gene4368,CU928145.2,4386290,4386493,+,204,0,3
gene4369,CU928145.2,4386518,4386796,-,279,0,0
gene4370,CU928145.2,4386573,4386689,+,117,0,0
gene4371,CU928145.2,4387076,4387420,+,345,1,6
gene4372,CU928145.2,4387467,4388354,-,888,9,43
gene4373,CU928145.2,4388406,4388873,-,468,27,8
gene4374,CU928145.2,4389038,4389907,+,870,7,91
gene4375,CU928145.2,4390040,4391869,+,1830,2,55
gene4376,CU928145.2,4391933,4392553,+,621,8,38
gene4377,CU928145.2,4392615,4393235,-,621,5,30
gene4378,CU928145.2,4393346,4394368,+,1023,47,216
gene4379,CU928145.2,4394376,4395176,+,801,11,58
gene4380,CU928145.2,4395252,4396151,+,900,3,12
gene4381,CU928145.2,4396039,4396992,-,954,1,3
gene4382,CU928145.2,4397110,4399371,+,2262,14,21
gene4383,CU928145.2,4399410,4400225,-,816,115,27
gene4384,CU928145.2,4400487,4401248,+,762,37,1423
gene4385,CU928145.2,4401389,4402816,+,1428,15,128
gene4386,CU928145.2,4402911,4403666,+,756,81,98
gene4387,CU928145.2,4403680,4404285,+,606,26,71
gene4388,CU928145.2,4404282,4405922,+,1641,35,447
gene4389,CU928145.2,4406001,4406270,+,270,57,658
gene4390,CU928145.2,4406274,4406789,+,516,35,187
gene4391,CU928145.2,4406792,4407568,+,777,20,262
gene4392,CU928145.2,4407610,4408392,+,783,14,61
gene4393,CU928145.2,4408389,4408877,-,489,13,100
gene4394,CU928145.2,4409044,4410537,+,1494,66,238
gene4395,CU928145.2,4410583,4411284,+,702,22,185
gene4396,CU928145.2,4411476,4412639,-,1164,44,22
gene4397,CU928145.2,4412649,4414838,-,2190,67,14
gene4398,CU928145.2,4415028,4416359,+,1332,70,156
gene4399,CU928145.2,4416359,4416973,+,615,19,38
gene4400,CU928145.2,4417012,4418463,+,1452,45,142
gene4401,CU928145.2,4418475,4419020,+,546,8,125
gene4402,CU928145.2,4419398,4420939,+,1542,291,119
gene4403,CU928145.2,4421008,4421084,+,77,5,705
gene4404,CU928145.2,4421127,4421202,+,76,7,649
gene4405,CU928145.2,4421386,4424288,+,2903,362,200
gene4406,CU928145.2,4424382,4424501,+,120,52,18
gene4407,CU928145.2,4424604,4425116,-,513,15,37
gene4408,CU928145.2,4425113,4425697,-,585,8,34
gene4409,CU928145.2,4425767,4426036,+,270,39,1244
gene4410,CU928145.2,4426113,4427099,+,987,63,736
gene4411,CU928145.2,4427116,4427742,+,627,141,954
gene4412,CU928145.2,4427897,4429327,+,1431,4,129
gene4413,CU928145.2,4429368,4430300,-,933,9,155
gene4414,CU928145.2,4430664,4433450,+,2787,47,196
gene4415,CU928145.2,4433598,4433706,+,109,1117,84
gene4416,CU928145.2,4433832,4434428,-,597,42,131
gene4417,CU928145.2,4434735,4434979,+,245,20658,8508
gene4418,CU928145.2,4435046,4435555,+,510,241,17
gene4419,CU928145.2,4435744,4437117,+,1374,51,168
gene4420,CU928145.2,4437529,4438938,-,1410,31,72
gene4421,CU928145.2,4438950,4439999,-,1050,50,97
gene4422,CU928145.2,4440285,4441694,-,1410,6,1329
gene4423,CU928145.2,4441822,4441974,-,153,3,38
gene4424,CU928145.2,4442067,4443890,+,1824,117,511
gene4425,CU928145.2,4444106,4444816,+,711,10,21
gene4426,CU928145.2,4444824,4445804,+,981,9,103
gene4427,CU928145.2,4445906,4447171,+,1266,1,80
gene4428,CU928145.2,4447282,4448070,-,789,35,60
gene4429,CU928145.2,4448110,4449045,-,936,2,20
gene4430,CU928145.2,4448978,4450057,+,1080,2,5
gene4431,CU928145.2,4450082,4450969,+,888,2,5
gene4432,CU928145.2,4451002,4452012,+,1011,2,12
gene4433,CU928145.2,4452082,4453515,+,1434,1,28
gene4434,CU928145.2,4453614,4454963,+,1350,4,20
gene4435,CU928145.2,4454896,4455840,+,945,1,20
gene4436,CU928145.2,4455981,4456580,+,600,11,21
gene4437,CU928145.2,4456574,4457446,+,873,82,72
gene4438,CU928145.2,4457443,4457880,+,438,15,39
gene4439,CU928145.2,4457877,4458866,+,990,13,46
gene4440,CU928145.2,4458930,4459913,-,984,20,15
gene4441,CU928145.2,4460067,4460378,+,312,9,26
gene4442,CU928145.2,4460379,4460669,+,291,22,34
gene4443,CU928145.2,4461255,4461473,+,219,1,6
gene4444,CU928145.2,4461717,4461935,+,219,5,9
gene4445,CU928145.2,4462265,4463194,-,930,8,170
gene4446,CU928145.2,4463191,4463826,-,636,32,327
gene4447,CU928145.2,4463823,4464725,-,903,79,540
gene4448,CU928145.2,4464738,4467788,-,3051,260,991
gene4449,CU928145.2,4467982,4468815,+,834,47,86
gene4450,CU928145.2,4468968,4470008,+,1041,0,4
gene4451,CU928145.2,4470058,4471806,-,1749,2,14
gene4452,CU928145.2,4471806,4472876,-,1071,1,4
gene4453,CU928145.2,4472866,4474317,-,1452,4,2
gene4454,CU928145.2,4474328,4474774,-,447,1,0
gene4455,CU928145.2,4475087,4475401,-,315,1,8
gene4456,CU928145.2,4475411,4476235,-,825,3,3
gene4457,CU928145.2,4476477,4477736,-,1260,1,8
gene4458,CU928145.2,4477733,4479202,-,1470,1,5
gene4459,CU928145.2,4479490,4480326,+,837,1,5
gene4460,CU928145.2,4480310,4481248,+,939,6,44
gene4461,CU928145.2,4481245,4482279,-,1035,11,3
gene4462,CU928145.2,4482564,4483184,+,621,681,262
gene4463,CU928145.2,4483402,4484376,+,975,543,593
gene4464,CU928145.2,4484574,4485248,+,675,20,68
gene4465,CU928145.2,4485354,4486727,-,1374,16,145
gene4466,CU928145.2,4486724,4487422,-,699,18,155
gene4467,CU928145.2,4487572,4488072,+,501,1573,804
gene4468,CU928145.2,4488221,4489123,+,903,160,135
gene4469,CU928145.2,4489304,4490266,+,963,256,653
gene4470,CU928145.2,4490586,4491575,+,990,13,18
gene4471,CU928145.2,4491682,4492437,+,756,3,44
gene4472,CU928145.2,4492492,4493259,-,768,156,1001
gene4473,CU928145.2,4493367,4493966,-,600,9,122
gene4474,CU928145.2,4494067,4494507,+,441,204,39
gene4475,CU928145.2,4494719,4495018,+,300,39,174
gene4476,CU928145.2,4495045,4495473,+,429,114,536
gene4477,CU928145.2,4495478,4496224,-,747,27,40
gene4478,CU928145.2,4496321,4497331,-,1011,12,94
gene4479,CU928145.2,4497467,4498975,-,1509,31,967
gene4480,CU928145.2,4498998,4499843,-,846,7,339
gene4481,CU928145.2,4500269,4500514,+,246,470,10650
gene4482,CU928145.2,4500599,4501084,-,486,449,519
gene4483,CU928145.2,4501177,4502103,-,927,5,23
gene4484,CU928145.2,4502170,4503501,-,1332,168,419
gene4485,CU928145.2,4503511,4504041,-,531,76,102
gene4486,CU928145.2,4504134,4505093,-,960,64,170
gene4487,CU928145.2,4505185,4506210,-,1026,6,157
gene4488,CU928145.2,4506366,4508564,-,2199,12,31
gene4489,CU928145.2,4508767,4508979,+,213,499,3231
gene4490,CU928145.2,4509139,4513323,+,4185,99,181
gene4491,CU928145.2,4513617,4513931,-,315,13,29
gene4492,CU928145.2,4513925,4514110,-,186,0,8
gene4493,CU928145.2,4514554,4514802,-,249,0,25
gene4494,CU928145.2,4514712,4515161,-,450,3,11
gene4495,CU928145.2,4515221,4515538,-,318,167,369
gene4496,CU928145.2,4515815,4516975,+,1161,2,25
gene4497,CU928145.2,4516978,4519410,+,2433,39,91
gene4498,CU928145.2,4519759,4520649,+,891,22,48
gene4499,CU928145.2,4520978,4523158,+,2181,53,275
gene4500,CU928145.2,4523252,4524157,+,906,4,47
gene4501,CU928145.2,4524184,4524801,-,618,0,9
gene4502,CU928145.2,4525076,4526179,-,1104,14,20
gene4503,CU928145.2,4526190,4526852,-,663,7,7
gene4504,CU928145.2,4526864,4529365,-,2502,2,8
gene4505,CU928145.2,4529674,4530753,+,1080,2,1
gene4506,CU928145.2,4530768,4531088,+,321,0,46
gene4507,CU928145.2,4531139,4533436,+,2298,3,17
gene4508,CU928145.2,4533402,4534280,+,879,2,5
gene4509,CU928145.2,4534282,4534623,+,342,0,2
gene4510,CU928145.2,4534610,4535461,-,852,5,13
gene4511,CU928145.2,4535676,4537409,-,1734,20,196
gene4512,CU928145.2,4537592,4540243,-,2652,66,228
gene4513,CU928145.2,4540595,4541746,-,1152,17,114
gene4514,CU928145.2,4541900,4542904,+,1005,7,18
gene4515,CU928145.2,4542915,4543688,+,774,6,6
gene4516,CU928145.2,4543749,4545122,+,1374,13,20
gene4517,CU928145.2,4545620,4546834,+,1215,2,13
gene4518,CU928145.2,4546901,4548184,+,1284,2,7
gene4519,CU928145.2,4548230,4548339,-,110,31,22
gene4520,CU928145.2,4548435,4549352,+,918,43,123
gene4521,CU928145.2,4549335,4550735,-,1401,164,148
gene4522,CU928145.2,4551012,4551716,+,705,49,221
gene4523,CU928145.2,4551716,4552075,+,360,30,368
gene4524,CU928145.2,4552115,4553215,-,1101,31,221
gene4525,CU928145.2,4553329,4553519,+,191,10,147
gene4526,CU928145.2,4553584,4555428,+,1845,20,186
gene4527,CU928145.2,4555373,4556230,+,858,22,143
gene4528,CU928145.2,4556604,4558145,+,1542,294,119
gene4529,CU928145.2,4558231,4558306,+,76,53,8138
gene4530,CU928145.2,4558500,4561403,+,2904,363,205
gene4531,CU928145.2,4561496,4561615,+,120,52,18
gene4532,CU928145.2,4561916,4562944,+,1029,16,202
gene4533,CU928145.2,4562941,4563906,+,966,12,79
gene4534,CU928145.2,4563935,4564885,-,951,12,363
gene4535,CU928145.2,4565247,4565322,+,76,9,6
gene4536,CU928145.2,4565331,4565415,+,85,12,803
gene4537,CU928145.2,4565532,4565606,+,75,18,500
gene4538,CU928145.2,4565613,4565688,+,76,2,397
gene4539,CU928145.2,4565803,4566987,+,1185,1735,10026
gene4540,CU928145.2,4567217,4567600,+,384,291,166
gene4541,CU928145.2,4567602,4568147,+,546,79,239
gene4542,CU928145.2,4568306,4568734,+,429,46,735
gene4543,CU928145.2,4568738,4569442,+,705,92,1723
gene4544,CU928145.2,4569855,4570352,+,498,280,2167
gene4545,CU928145.2,4570419,4570784,+,366,244,1817
gene4546,CU928145.2,4571104,4575132,+,4029,210,700
gene4547,CU928145.2,4575209,4579432,+,4224,275,1154
gene4548,CU928145.2,4579645,4580184,+,540,8,144
gene4549,CU928145.2,4580186,4580346,-,161,2049,408
gene4550,CU928145.2,4580594,4581727,-,1134,1,6
gene4551,CU928145.2,4581724,4582494,-,771,1,0
gene4552,CU928145.2,4582496,4582696,-,201,0,0
gene4553,CU928145.2,4582680,4583435,-,756,3,0
gene4554,CU928145.2,4583428,4584063,-,636,0,0
gene4555,CU928145.2,4584063,4585958,-,1896,4,20
gene4556,CU928145.2,4586039,4586139,-,101,158,109
gene4557,CU928145.2,4586191,4586667,-,477,109,131
gene4558,CU928145.2,4586762,4587535,+,774,66,20
gene4559,CU928145.2,4587575,4588639,+,1065,47,56
gene4560,CU928145.2,4588649,4589320,+,672,29,32
gene4561,CU928145.2,4589363,4589953,+,591,32,575
gene4562,CU928145.2,4590140,4590412,+,273,121,10979
gene4563,CU928145.2,4590425,4591120,+,696,2,75
gene4564,CU928145.2,4591122,4591547,-,426,0,2
gene4565,CU928145.2,4591785,4593161,+,1377,2,22
gene4566,CU928145.2,4593158,4594483,+,1326,8,10
gene4567,CU928145.2,4594480,4595769,-,1290,4,12
gene4568,CU928145.2,4595781,4597370,-,1590,4,10
gene4569,CU928145.2,4597985,4599526,+,1542,294,119
gene4570,CU928145.2,4599612,4599687,+,76,53,8138
gene4571,CU928145.2,4599881,4602784,+,2904,365,205
gene4572,CU928145.2,4602877,4602996,+,120,52,18
gene4573,CU928145.2,4603112,4603555,-,444,19,1
gene4574,CU928145.2,4603712,4604641,+,930,8,26
gene4575,CU928145.2,4604910,4606511,+,1602,437,11
gene4576,CU928145.2,4606541,4607845,+,1305,165,10
gene4577,CU928145.2,4608126,4609862,+,1737,62,11
gene4578,CU928145.2,4609831,4611405,-,1575,4,7
gene4579,CU928145.2,4611722,4612546,-,825,67,79
gene4580,CU928145.2,4612746,4616429,+,3684,52,101
gene4581,CU928145.2,4616649,4618280,+,1632,66,57
gene4582,CU928145.2,4618371,4619060,-,690,5,92
gene4583,CU928145.2,4619272,4620144,+,873,8,56
gene4584,CU928145.2,4620145,4620417,-,273,6,68
gene4585,CU928145.2,4620946,4622073,+,1128,2,8
gene4586,CU928145.2,4622070,4622870,+,801,2,11
gene4587,CU928145.2,4622906,4623838,-,933,17,66
gene4588,CU928145.2,4623977,4625326,-,1350,8,27
gene4589,CU928145.2,4625418,4625614,-,197,8,32
gene4590,CU928145.2,4625851,4627500,+,1650,579,398
gene4591,CU928145.2,4627836,4628084,-,249,2,1
gene4592,CU928145.2,4628211,4628849,+,639,0,2
gene4593,CU928145.2,4628846,4629583,+,738,1,1
gene4594,CU928145.2,4629583,4631679,+,2097,4,7
gene4595,CU928145.2,4631683,4631844,+,162,0,0
gene4596,CU928145.2,4631726,4632004,-,279,0,1
gene4597,CU928145.2,4632274,4632684,+,411,6,7
gene4598,CU928145.2,4632728,4634203,-,1476,12,16
gene4599,CU928145.2,4634575,4635465,-,891,25,114
gene4600,CU928145.2,4635480,4637024,-,1545,2,147
gene4601,CU928145.2,4637178,4638368,-,1191,4,599
gene4602,CU928145.2,4638733,4639848,+,1116,0,223
gene4603,CU928145.2,4639920,4641260,+,1341,13,269
gene4604,CU928145.2,4641412,4642332,+,921,53,180
gene4605,CU928145.2,4642561,4642755,+,195,0,3
gene4606,CU928145.2,4642813,4644141,+,1329,2,36
gene4607,CU928145.2,4644364,4644861,+,498,30,20
gene4608,CU928145.2,4644874,4645746,+,873,56,113
gene4609,CU928145.2,4645901,4648324,-,2424,73,222
gene4610,CU928145.2,4648495,4648863,+,369,12,68
gene4611,CU928145.2,4648973,4649581,+,609,64,123
gene4612,CU928145.2,4649600,4651000,+,1401,6,21
gene4613,CU928145.2,4651096,4651305,+,210,32914,91
gene4614,CU928145.2,4651347,4651862,-,516,237,45
gene4615,CU928145.2,4652180,4652434,+,255,1,0
gene4616,CU928145.2,4652425,4653171,+,747,5,7
gene4617,CU928145.2,4653535,4654572,+,1038,9,121
gene4618,CU928145.2,4654496,4654948,+,453,5,12
gene4619,CU928145.2,4655114,4656097,-,984,168,70
gene4620,CU928145.2,4656180,4657595,+,1416,9,151
gene4621,CU928145.2,4657648,4658727,+,1080,3,94
gene4622,CU928145.2,4658980,4660173,+,1194,7,92
gene4623,CU928145.2,4660395,4660937,-,543,2,15
gene4624,CU928145.2,4661300,4662013,+,714,8,206
gene4625,CU928145.2,4662124,4662540,+,417,59,41
gene4626,CU928145.2,4662544,4662900,+,357,42,23
gene4627,CU928145.2,4662935,4665757,-,2823,160,64
gene4628,CU928145.2,4666011,4666547,+,537,262,196
gene4629,CU928145.2,4666646,4666927,-,282,5,32
gene4630,CU928145.2,4667357,4668943,+,1587,80,55
gene4631,CU928145.2,4668946,4669269,-,324,159,21
gene4632,CU928145.2,4669355,4669819,+,465,16,10
gene4633,CU928145.2,4669813,4669952,-,140,3331,4
gene4634,CU928145.2,4670365,4671714,+,1350,4,16
gene4635,CU928145.2,4671865,4673514,+,1650,15,216
gene4636,CU928145.2,4673668,4674960,-,1293,9,21
gene4637,CU928145.2,4675138,4676787,-,1650,44,30
gene4638,CU928145.2,4676784,4677098,-,315,17,5
gene4639,CU928145.2,4677298,4679256,-,1959,358,28
gene4640,CU928145.2,4679648,4681084,+,1437,8,227
gene4641,CU928145.2,4681129,4681695,+,567,0,21
gene4642,CU928145.2,4681692,4682363,+,672,0,8
gene4643,CU928145.2,4682360,4683316,+,957,0,9
gene4644,CU928145.2,4683396,4685054,+,1659,0,10
gene4645,CU928145.2,4685047,4685430,+,384,0,3
gene4646,CU928145.2,4685427,4686023,+,597,2,9
gene4647,CU928145.2,4686365,4687678,+,1314,2,165
gene4648,CU928145.2,4687756,4688445,-,690,17,58
gene4649,CU928145.2,4688539,4690686,-,2148,11,64
gene4650,CU928145.2,4690884,4692350,-,1467,2,1
gene4651,CU928145.2,4692347,4694398,-,2052,3,5
gene4652,CU928145.2,4694398,4695429,-,1032,0,5
gene4653,CU928145.2,4695932,4697917,-,1986,2,5
gene4654,CU928145.2,4698170,4698487,+,318,3,5
gene4655,CU928145.2,4698556,4698885,+,330,15,14
gene4656,CU928145.2,4699032,4699790,-,759,14,18
gene4657,CU928145.2,4699792,4700226,-,435,26,2
gene4658,CU928145.2,4700213,4700770,-,558,0,0
gene4659,CU928145.2,4700770,4701906,-,1137,1,2
gene4660,CU928145.2,4701903,4702583,-,681,1,0
gene4661,CU928145.2,4702760,4703518,-,759,0,2
gene4662,CU928145.2,4703515,4704360,-,846,2,3
gene4663,CU928145.2,4704353,4705417,-,1065,0,0
gene4664,CU928145.2,4705417,4706001,-,585,0,0
gene4665,CU928145.2,4705998,4706450,-,453,0,0
gene4666,CU928145.2,4706451,4707176,-,726,0,1
gene4667,CU928145.2,4707197,4708039,-,843,0,0
gene4668,CU928145.2,4708082,4709098,-,1017,1,2
gene4669,CU928145.2,4709123,4709911,-,789,0,1
gene4670,CU928145.2,4710044,4710487,-,444,188,22
gene4671,CU928145.2,4710647,4711129,-,483,40,650
gene4672,CU928145.2,4711384,4713612,+,2229,17,793
gene4673,CU928145.2,4713609,4714487,+,879,5,339
gene4674,CU928145.2,4714751,4716253,+,1503,297,341
gene4675,CU928145.2,4716430,4717521,-,1092,8,55
gene4676,CU928145.2,4717531,4718199,-,669,18,51
gene4677,CU928145.2,4718196,4719839,-,1644,18,47
gene4678,CU928145.2,4719943,4721280,-,1338,7,17
gene4679,CU928145.2,4721417,4722178,-,762,5,96
gene4680,CU928145.2,4722503,4724773,-,2271,9,22
gene4681,CU928145.2,4724969,4725877,-,909,35,130
gene4682,CU928145.2,4726160,4727515,+,1356,29,13
gene4683,CU928145.2,4727630,4729039,+,1410,6,65
gene4684,CU928145.2,4729178,4729807,-,630,0,18
gene4685,CU928145.2,4729930,4731576,-,1647,1,11
gene4686,CU928145.2,4731654,4732994,-,1341,1,20
gene4687,CU928145.2,4733565,4734284,-,720,7,107
gene4688,CU928145.2,4734281,4735912,-,1632,10,179
gene4689,CU928145.2,4736093,4736323,+,231,8,13
gene4690,CU928145.2,4736335,4736607,+,273,14,40
gene4691,CU928145.2,4736834,4737130,+,297,8,571
gene4692,CU928145.2,4737158,4737331,+,174,0,297
gene4693,CU928145.2,4737450,4738967,-,1518,95,471
gene4694,CU928145.2,4739204,4740661,-,1458,1,15
gene4695,CU928145.2,4740720,4742867,-,2148,2,60
gene4696,CU928145.2,4742947,4744281,-,1335,1,9
gene4697,CU928145.2,4744647,4746185,-,1539,9,311
gene4698,CU928145.2,4746472,4746690,+,219,0,18
gene4699,CU928145.2,4746934,4747776,-,843,66,238
gene4700,CU928145.2,4747861,4748295,-,435,10,10
gene4701,CU928145.2,4748078,4748566,-,489,0,5
gene4702,CU928145.2,4748563,4749045,-,483,0,3
gene4703,CU928145.2,4748987,4749364,-,378,2,1
gene4704,CU928145.2,4749444,4749665,-,222,4,4
gene4705,CU928145.2,4749752,4750198,-,447,4,3
gene4706,CU928145.2,4750244,4751098,-,855,10,47
gene4707,CU928145.2,4751241,4751567,+,327,56,74
gene4708,CU928145.2,4751564,4752046,+,483,103,113
gene4709,CU928145.2,4752638,4754161,+,1524,345,550
gene4710,CU928145.2,4754165,4754251,+,87,7,8
gene4711,CU928145.2,4754278,4754724,+,447,30,36
gene4712,CU928145.2,4755126,4757405,-,2280,177,215
gene4713,CU928145.2,4757327,4758664,-,1338,185,371
gene4714,CU928145.2,4758661,4760403,-,1743,122,43
gene4715,CU928145.2,4760403,4761350,-,948,100,13
gene4716,CU928145.2,4761351,4763138,-,1788,238,30
gene4717,CU928145.2,4763211,4764404,+,1194,59,35
gene4718,CU928145.2,4764354,4765280,-,927,8,69
gene4719,CU928145.2,4765587,4765784,+,198,136,15
gene4720,CU928145.2,4765771,4765956,-,186,52,31
gene4721,CU928145.2,4766020,4767153,+,1134,78,744
gene4722,CU928145.2,4767202,4767648,-,447,28,31
gene4723,CU928145.2,4767675,4767761,-,87,7,8
gene4724,CU928145.2,4767765,4769288,-,1524,345,550
gene4725,CU928145.2,4769880,4770362,-,483,103,113
gene4726,CU928145.2,4770359,4770685,-,327,56,74
gene4727,CU928145.2,4770914,4771366,-,453,4,22
gene4728,CU928145.2,4771263,4772387,-,1125,8,38
gene4729,CU928145.2,4772454,4772615,-,162,0,0
gene4730,CU928145.2,4772587,4773117,+,531,20,38
gene4731,CU928145.2,4773180,4773398,+,219,12,89
gene4732,CU928145.2,4773549,4777667,-,4119,603,1671
gene4733,CU928145.2,4777832,4778218,-,387,13,58
gene4734,CU928145.2,4778305,4778391,-,87,10,12
gene4735,CU928145.2,4778395,4779918,-,1524,345,550
gene4736,CU928145.2,4780510,4780992,-,483,103,113
gene4737,CU928145.2,4780989,4781315,-,327,56,74
gene4738,CU928145.2,4781960,4782124,-,165,0,8
gene4739,CU928145.2,4782657,4783037,-,381,1,30
gene4740,CU928145.2,4783165,4783332,-,168,2,13
gene4741,CU928145.2,4783512,4783655,-,144,0,1
gene4742,CU928145.2,4784434,4786524,+,2091,48,203
gene4743,CU928145.2,4786758,4786982,+,225,6,33
gene4744,CU928145.2,4787129,4788742,-,1614,80,90
gene4745,CU928145.2,4788948,4789274,+,327,56,74
gene4746,CU928145.2,4789271,4789753,+,483,103,113
gene4747,CU928145.2,4790345,4791868,+,1524,345,548
gene4748,CU928145.2,4791872,4791958,+,87,7,8
gene4749,CU928145.2,4791985,4792431,+,447,25,24
gene4750,CU928145.2,4792434,4792706,-,273,5,51
gene4751,CU928145.2,4792703,4793128,-,426,20,279
gene4752,CU928145.2,4793356,4794270,-,915,3,11
gene4753,CU928145.2,4794357,4795040,-,684,0,3
gene4754,CU928145.2,4794929,4795336,+,408,12,27
gene4755,CU928145.2,4795739,4796488,-,750,8,266
gene4756,CU928145.2,4796367,4800224,-,3858,97,9403
gene4757,CU928145.2,4800585,4801385,-,801,8,18
gene4758,CU928145.2,4801712,4801993,+,282,0,12
gene4759,CU928145.2,4801990,4802355,-,366,17,118
gene4760,CU928145.2,4802695,4806210,-,3516,21,779
gene4761,CU928145.2,4806299,4806562,+,264,168,89
gene4762,CU928145.2,4806663,4807925,-,1263,9,162
gene4763,CU928145.2,4807989,4808237,-,249,20,225
gene4764,CU928145.2,4808123,4808198,-,76,0,0
gene4765,CU928145.2,4808305,4808880,-,576,155,37
gene4766,CU928145.2,4808917,4810614,-,1698,21,66
gene4767,CU928145.2,4810590,4810928,-,339,9,20
gene4768,CU928145.2,4811044,4812345,-,1302,43,780
gene4769,CU928145.2,4812463,4813899,-,1437,863,7951
gene4770,CU928145.2,4814236,4814712,+,477,59,182
gene4771,CU928145.2,4814728,4815984,-,1257,16,22
gene4772,CU928145.2,4816260,4816553,+,294,54,1347
gene4773,CU928145.2,4816597,4818243,+,1647,205,4064
gene4774,CU928145.2,4818381,4818734,+,354,30,69
gene4775,CU928145.2,4818937,4819806,-,870,3,128
gene4776,CU928145.2,4820196,4821224,-,1029,50,99
gene4777,CU928145.2,4821266,4821832,+,567,105,2048
gene4778,CU928145.2,4821884,4822009,+,126,6,65
gene4779,CU928145.2,4822120,4822266,+,147,63835,182
gene4780,CU928145.2,4822441,4822758,+,318,18,68
gene4781,CU928145.2,4822755,4823288,-,534,168,11
gene4782,CU928145.2,4823377,4824510,-,1134,14,48
gene4783,CU928145.2,4824573,4824932,-,360,21,110
gene4784,CU928145.2,4824943,4825338,-,396,11,71
gene4785,CU928145.2,4825349,4826083,-,735,21,139
gene4786,CU928145.2,4826076,4827884,-,1809,63,421
gene4787,CU928145.2,4828209,4829186,+,978,7,62
gene4788,CU928145.2,4829405,4830907,+,1503,16,55
gene4789,CU928145.2,4830959,4831273,+,315,2,9
gene4790,CU928145.2,4831270,4831584,+,315,1,18
gene4791,CU928145.2,4831613,4834936,-,3324,5,103
gene4792,CU928145.2,4834958,4835926,-,969,9,96
gene4793,CU928145.2,4836023,4837075,-,1053,51,203
gene4794,CU928145.2,4837170,4837715,+,546,47,120
gene4795,CU928145.2,4837926,4838001,+,76,249,391
gene4796,CU928145.2,4838038,4838113,+,76,42,622
gene4797,CU928145.2,4838149,4838224,+,76,20,361
gene4798,CU928145.2,4838494,4839633,-,1140,138,144
gene4799,CU928145.2,4839632,4841179,+,1548,128,45
gene4800,CU928145.2,4841151,4841612,+,462,18,11
gene4801,CU928145.2,4841631,4842968,+,1338,63,208
gene4802,CU928145.2,4842978,4844825,+,1848,80,145
gene4803,CU928145.2,4844818,4845768,+,951,516,843
gene4804,CU928145.2,4845854,4846162,+,309,322,3666
gene4805,CU928145.2,4846239,4847519,+,1281,299,438
gene4806,CU928145.2,4847605,4848864,+,1260,197,566
gene4807,CU928145.2,4848867,4849871,+,1005,110,576
gene4808,CU928145.2,4849953,4850150,+,198,1,17
gene4809,CU928145.2,4850254,4851552,+,1299,84,396
gene4810,CU928145.2,4851757,4852182,+,426,58,524
gene4811,CU928145.2,4852221,4854662,+,2442,98,388
gene4812,CU928145.2,4854842,4855573,+,732,7,82
gene4813,CU928145.2,4855700,4856101,+,402,2,6
gene4814,CU928145.2,4856120,4856818,+,699,0,2
gene4815,CU928145.2,4856869,4857528,+,660,4,5
gene4816,CU928145.2,4857546,4857944,+,399,1,1
gene4817,CU928145.2,4857863,4857970,-,108,0,0
gene4818,CU928145.2,4857954,4858592,+,639,0,1
gene4819,CU928145.2,4858595,4859758,+,1164,5,9
gene4820,CU928145.2,4859842,4861467,+,1626,82,9
gene4821,CU928145.2,4861584,4861859,-,276,83,12
gene4822,CU928145.2,4862008,4862337,-,330,301,296
gene4823,CU928145.2,4862519,4863268,+,750,10,20
gene4824,CU928145.2,4863265,4864020,-,756,12,39
gene4825,CU928145.2,4864128,4865192,-,1065,5,8
gene4826,CU928145.2,4865547,4866944,+,1398,1,6
gene4827,CU928145.2,4866960,4867265,+,306,0,5
gene4828,CU928145.2,4867275,4867739,+,465,0,4
gene4829,CU928145.2,4867753,4868403,+,651,3,6
gene4830,CU928145.2,4868413,4869267,+,855,1,5
gene4831,CU928145.2,4869267,4869953,+,687,1,13
gene4832,CU928145.2,4870050,4870601,+,552,3,27
gene4833,CU928145.2,4870676,4870951,-,276,30,2
gene4834,CU928145.2,4871278,4871673,+,396,33,498
gene4835,CU928145.2,4871680,4871994,+,315,20,292
gene4836,CU928145.2,4871999,4872226,+,228,18,311
gene4837,CU928145.2,4872268,4872717,+,450,46,639
gene4838,CU928145.2,4872788,4873582,-,795,4,61
gene4839,CU928145.2,4873929,4874351,+,423,1,0
gene4840,CU928145.2,4874205,4874636,-,432,2,39
gene4841,CU928145.2,4874644,4875852,+,1209,21,354
gene4842,CU928145.2,4875987,4876625,-,639,166,150
gene4843,CU928145.2,4876844,4877464,+,621,66,406
gene4844,CU928145.2,4877773,4879185,+,1413,122,110
gene4845,CU928145.2,4879230,4879892,-,663,9,10
gene4846,CU928145.2,4880000,4880974,-,975,40,12
gene4847,CU928145.2,4881073,4881933,-,861,4,7
gene4848,CU928145.2,4882022,4882402,+,381,196,4
gene4849,CU928145.2,4882531,4884474,-,1944,18,88
gene4850,CU928145.2,4884664,4885404,+,741,738,113
gene4851,CU928145.2,4885394,4885951,-,558,417,67
gene4852,CU928145.2,4886276,4886482,+,207,8552,1606
gene4853,CU928145.2,4886544,4887887,-,1344,43,225
gene4854,CU928145.2,4888210,4888848,-,639,111,54
gene4855,CU928145.2,4889054,4890787,+,1734,68,199
gene4856,CU928145.2,4890784,4894563,+,3780,44,354
gene4857,CU928145.2,4894566,4894907,+,342,93,562
gene4858,CU928145.2,4895119,4895370,+,252,7,4
gene4859,CU928145.2,4895364,4895714,+,351,4,4
gene4860,CU928145.2,4895794,4896324,-,531,385,2620
gene4861,CU928145.2,4896634,4897590,+,957,47,8
gene4862,CU928145.2,4897900,4899402,+,1503,7,10
gene4863,CU928145.2,4899416,4900438,+,1023,3,2
gene4864,CU928145.2,4900425,4901420,+,996,12,13
gene4865,CU928145.2,4901453,4902451,-,999,91,231
gene4866,CU928145.2,4902627,4904000,+,1374,19,139
gene4867,CU928145.2,4904151,4904702,-,552,146,122
gene4868,CU928145.2,4904796,4906148,+,1353,235,109
gene4869,CU928145.2,4906331,4906717,+,387,75,108
gene4870,CU928145.2,4906762,4907226,-,465,7,20
gene4871,CU928145.2,4907384,4909522,-,2139,27,161
gene4872,CU928145.2,4909925,4911580,-,1656,2,571
gene4873,CU928145.2,4911630,4913051,-,1422,1,1897
gene4874,CU928145.2,4913170,4914117,-,948,26,52
gene4875,CU928145.2,4914496,4917192,+,2697,16,61
gene4876,CU928145.2,4917420,4918400,-,981,182,547
gene4877,CU928145.2,4918677,4919063,-,387,29,272
gene4878,CU928145.2,4919136,4919597,-,462,2,4
gene4879,CU928145.2,4919610,4920545,-,936,1,7
gene4880,CU928145.2,4920549,4920683,-,135,3,18
gene4881,CU928145.2,4920964,4921359,-,396,12,7
gene4882,CU928145.2,4921490,4922203,-,714,82,18
gene4883,CU928145.2,4922274,4922867,+,594,5,63
gene4884,CU928145.2,4923012,4923464,+,453,48,688
gene4885,CU928145.2,4923587,4924906,+,1320,6,264
gene4886,CU928145.2,4924903,4925148,+,246,4,27
gene4887,CU928145.2,4925249,4926253,-,1005,1,52
gene4888,CU928145.2,4926415,4926831,+,417,154,2050
gene4889,CU928145.2,4926877,4927380,-,504,4,63
gene4890,CU928145.2,4927573,4928769,+,1197,1,27
gene4891,CU928145.2,4928825,4931680,-,2856,79,360
gene4892,CU928145.2,4931680,4932123,-,444,3,12
gene4893,CU928145.2,4932257,4933768,-,1512,188,364
gene4894,CU928145.2,4934035,4935135,+,1101,93,142
gene4895,CU928145.2,4935135,4936217,+,1083,93,237
gene4896,CU928145.2,4936336,4937838,-,1503,135,19
gene4897,CU928145.2,4937916,4938914,-,999,9,43
gene4898,CU928145.2,4938981,4940300,-,1320,11,19
gene4899,CU928145.2,4940365,4941129,-,765,2,5
gene4900,CU928145.2,4941153,4942184,-,1032,1,8
gene4901,CU928145.2,4942401,4942964,+,564,2,14
gene4902,CU928145.2,4942968,4943987,-,1020,209,6
gene4903,CU928145.2,4944062,4944268,-,207,0,0
gene4904,CU928145.2,4944183,4944267,+,85,0,0
gene4905,CU928145.2,4944529,4945719,+,1191,25,579
gene4906,CU928145.2,4946043,4947542,-,1500,18,40
gene4907,CU928145.2,4947716,4948507,-,792,7,393
gene4908,CU928145.2,4949069,4950718,+,1650,112,1265
gene4909,CU928145.2,4950723,4952048,+,1326,20,334
gene4910,CU928145.2,4952008,4957083,+,5076,71,758
gene4911,CU928145.2,4957121,4957639,+,519,5,169
gene4912,CU928145.2,4957640,4957945,+,306,8,109
gene4913,CU928145.2,4958207,4958800,+,594,22,95
gene4914,CU928145.2,4958859,4959215,-,357,2,153
gene4915,CU928145.2,4959215,4961263,-,2049,19,568
gene4916,CU928145.2,4961205,4962839,-,1635,10,196
gene4917,CU928145.2,4962836,4963921,-,1086,145,469
gene4918,CU928145.2,4964136,4964288,-,153,6,89
gene4919,CU928145.2,4964384,4964557,+,174,0,35
gene4920,CU928145.2,4964554,4964898,+,345,0,18
gene4921,CU928145.2,4964917,4965516,-,600,2,34
gene4922,CU928145.2,4965553,4965711,-,159,0,5
gene4923,CU928145.2,4965708,4965944,-,237,1,42
gene4924,CU928145.2,4966013,4966720,-,708,6,96
gene4925,CU928145.2,4966835,4967302,-,468,22,350
gene4926,CU928145.2,4967357,4967426,-,70,6,31
gene4927,CU928145.2,4967418,4968626,+,1209,179,1385
gene4928,CU928145.2,4968992,4969273,-,282,1,6
gene4929,CU928145.2,4969248,4970456,-,1209,153,1247
gene4930,CU928145.2,4970396,4971535,-,1140,3,43
gene4931,CU928145.2,4970448,4970517,+,70,0,0
gene4932,CU928145.2,4971979,4972299,+,321,0,1
gene4933,CU928145.2,4972181,4972678,+,498,0,0
gene4934,CU928145.2,4972686,4973372,+,687,2,104
gene4935,CU928145.2,4973350,4973976,-,627,17,310
gene4936,CU928145.2,4974007,4975260,+,1254,10,1233
gene4937,CU928145.2,4975373,4976041,-,669,3,96
gene4938,CU928145.2,4976054,4976470,+,417,5,316
gene4939,CU928145.2,4976480,4977688,-,1209,179,1414
gene4940,CU928145.2,4977689,4977750,+,62,1,11
gene4941,CU928145.2,4979387,4980142,-,756,5,17
gene4942,CU928145.2,4980287,4980556,-,270,7,12
gene4943,CU928145.2,4980643,4980951,+,309,23,19
gene4944,CU928145.2,4980948,4981814,+,867,5,25
gene4945,CU928145.2,4981951,4982742,-,792,3,51
gene4946,CU928145.2,4982813,4983634,-,822,15,145
gene4947,CU928145.2,4983672,4984373,-,702,2,320
gene4948,CU928145.2,4984370,4984945,-,576,6,237
gene4949,CU928145.2,4985107,4985910,-,804,27,585
gene4950,CU928145.2,4985699,4986049,+,351,0,3
gene4951,CU928145.2,4986234,4986908,+,675,27,318
gene4952,CU928145.2,4987187,4987963,-,777,18,1218
gene4953,CU928145.2,4987966,4988475,-,510,158,584
gene4954,CU928145.2,4988634,4989155,+,522,0,6
gene4955,CU928145.2,4989073,4989594,+,522,8,37
gene4956,CU928145.2,4989608,4990630,+,1023,6,34
gene4957,CU928145.2,4990627,4991409,+,783,2,19
gene4958,CU928145.2,4991534,4991707,-,174,0,0
gene4959,CU928145.2,4991625,4992356,-,732,0,40
gene4960,CU928145.2,4992698,4992886,-,189,1,9
gene4961,CU928145.2,4993026,4993556,+,531,66,2544
gene4962,CU928145.2,4994306,4994485,-,180,6,50
gene4963,CU928145.2,4995161,4996030,+,870,269,5212
gene4964,CU928145.2,4996027,4996989,-,963,69,436
gene4965,CU928145.2,4997095,4997979,+,885,0,65
gene4966,CU928145.2,4998182,4998862,+,681,4,15
gene4967,CU928145.2,4998905,4999687,+,783,2,7
gene4968,CU928145.2,4999693,4999926,+,234,1,2
gene4969,CU928145.2,5000016,5000834,+,819,1,1
gene4970,CU928145.2,5000926,5001411,+,486,2,2
gene4971,CU928145.2,5001456,5001902,+,447,0,2
gene4972,CU928145.2,5001989,5002210,+,222,1,3
gene4973,CU928145.2,5002290,5002658,+,369,0,9
gene4974,CU928145.2,5002607,5003125,+,519,2,3
gene4975,CU928145.2,5003122,5003610,+,489,0,3
gene4976,CU928145.2,5003258,5003827,+,570,22,40
gene4977,CU928145.2,5003912,5004058,+,147,3,77
gene4978,CU928145.2,5004471,5005478,-,1008,8,15
gene4979,CU928145.2,5005387,5007006,-,1620,2,5
gene4980,CU928145.2,5007016,5008350,-,1335,5,1
gene4981,CU928145.2,5008307,5008633,-,327,3,5
gene4982,CU928145.2,5008968,5009840,-,873,2,18
gene4983,CU928145.2,5010085,5010465,-,381,21,67
gene4984,CU928145.2,5010519,5011022,-,504,25,188
gene4985,CU928145.2,5010941,5011216,-,276,296,1514
gene4986,CU928145.2,5011595,5011744,+,150,627,28
gene4987,CU928145.2,5012004,5012300,+,297,52,123
gene4988,CU928145.2,5012450,5012629,+,180,17,59
gene4989,CU928145.2,5012590,5012769,+,180,0,3
gene4990,CU928145.2,5012734,5012889,-,156,2,7
gene4991,CU928145.2,5012930,5014006,+,1077,39,261
gene4992,CU928145.2,5014057,5014686,-,630,6,56
gene4993,CU928145.2,5014728,5015003,+,276,0,27
gene4994,CU928145.2,5014922,5015425,+,504,1,19
gene4995,CU928145.2,5015597,5016421,-,825,34,120
gene4996,CU928145.2,5016548,5018143,+,1596,5,79
gene4997,CU928145.2,5018143,5018832,+,690,2,20
gene4998,CU928145.2,5018893,5019108,+,216,83,421
gene4999,CU928145.2,5019087,5019308,+,222,3,75
gene5000,CU928145.2,5019316,5019588,-,273,2,65
gene5001,CU928145.2,5019740,5019898,+,159,50,121
gene5002,CU928145.2,5020393,5020686,-,294,2,42
gene5003,CU928145.2,5020729,5020947,-,219,15,58
gene5004,CU928145.2,5021078,5022109,-,1032,31,305
gene5005,CU928145.2,5022380,5022823,+,444,1,990
gene5006,CU928145.2,5022839,5023126,+,288,0,757
gene5007,CU928145.2,5023139,5024395,+,1257,31,3088
gene5008,CU928145.2,5024642,5024896,-,255,12,50
gene5009,CU928145.2,5025112,5025189,+,78,2,19
gene5010,CU928145.2,5025318,5026331,-,1014,23,621
gene5011,CU928145.2,5026343,5027659,-,1317,5,552
gene5012,CU928145.2,5027687,5028634,-,948,20,562
gene5013,CU928145.2,5028910,5029695,+,786,14,330
gene5014,CU928145.2,5029697,5029795,-,99,1,6
gene5015,CU928145.2,5029796,5029912,-,117,3,32
gene5016,CU928145.2,5030879,5032492,-,1614,227,156
gene5017,CU928145.2,5032523,5032873,-,351,4,60
gene5018,CU928145.2,5032870,5033295,-,426,21,278
gene5019,CU928145.2,5033434,5033562,+,129,16,32
gene5020,CU928145.2,5033743,5034426,-,684,66,316
gene5021,CU928145.2,5034645,5035937,-,1293,21,147
gene5022,CU928145.2,5035985,5037988,-,2004,83,156
gene5023,CU928145.2,5038136,5039275,-,1140,23,214
gene5024,CU928145.2,5039456,5040400,-,945,44,205
gene5025,CU928145.2,5040465,5041415,-,951,14,274
gene5026,CU928145.2,5041420,5042508,-,1089,5,1004
gene5027,CU928145.2,5042511,5043332,-,822,23,3076
gene5028,CU928145.2,5043497,5043841,+,345,1,4
gene5029,CU928145.2,5043897,5044322,+,426,18,56
gene5030,CU928145.2,5044914,5046437,+,1524,345,550
gene5031,CU928145.2,5046441,5046527,+,87,6,8
gene5032,CU928145.2,5046590,5046766,+,177,2,8
gene5033,CU928145.2,5046835,5047005,+,171,1,6
gene5034,CU928145.2,5046932,5047345,+,414,11,9
gene5035,CU928145.2,5047903,5048670,-,768,1,28
gene5036,CU928145.2,5048474,5048638,+,165,0,0
gene5037,CU928145.2,5048671,5049627,-,957,4,37
gene5038,CU928145.2,5049624,5050622,-,999,1,61
gene5039,CU928145.2,5050619,5051521,-,903,6,62
gene5040,CU928145.2,5051566,5053890,-,2325,13,199
gene5041,CU928145.2,5053977,5054930,-,954,7,15
gene5042,CU928145.2,5054927,5055448,-,522,69,87
gene5043,CU928145.2,5056786,5056995,-,210,4,54
gene5044,CU928145.2,5057359,5058732,+,1374,8,32
gene5045,CU928145.2,5058971,5060356,-,1386,12,56
gene5046,CU928145.2,5060406,5060753,-,348,1,2
gene5047,CU928145.2,5060750,5061151,-,402,0,4
gene5048,CU928145.2,5061485,5062006,-,522,5,0
gene5049,CU928145.2,5061907,5062314,-,408,0,0
gene5050,CU928145.2,5062568,5063173,-,606,1,1
gene5051,CU928145.2,5063878,5064054,-,177,7,1
gene5052,CU928145.2,5064355,5064621,-,267,4,3
gene5053,CU928145.2,5064567,5064968,+,402,2,1
gene5054,CU928145.2,5065048,5065665,+,618,1,5
gene5055,CU928145.2,5065837,5066034,+,198,1,12
gene5056,CU928145.2,5066866,5067543,+,678,39,54
gene5057,CU928145.2,5067554,5068057,-,504,23,182
gene5058,CU928145.2,5067976,5068251,-,276,27,844
gene5059,CU928145.2,5068309,5068476,+,168,2,3
gene5060,CU928145.2,5068650,5069993,-,1344,2,16
gene5061,CU928145.2,5070073,5070381,+,309,0,0
gene5062,CU928145.2,5070333,5071517,+,1185,14,59
gene5063,CU928145.2,5071598,5073058,+,1461,7,42
gene5064,CU928145.2,5073273,5074046,+,774,69,108
gene5065,CU928145.2,5074187,5075017,-,831,2,10
gene5066,CU928145.2,5075580,5075723,+,144,266,9
gene5067,CU928145.2,5075689,5076081,+,393,2,49
gene5068,CU928145.2,5076074,5076985,-,912,11,48
gene5069,CU928145.2,5077050,5078222,-,1173,10,46
gene5070,CU928145.2,5078235,5078696,-,462,0,6
gene5071,CU928145.2,5078693,5079376,-,684,0,3
gene5072,CU928145.2,5079626,5080180,+,555,3,17
gene5073,CU928145.2,5080193,5081371,-,1179,55,14
gene5074,CU928145.2,5081439,5082299,-,861,7,34
gene5075,CU928145.2,5082364,5082621,-,258,6,9
gene5076,CU928145.2,5082618,5083385,-,768,0,6
gene5077,CU928145.2,5083395,5084546,-,1152,11,5
gene5078,CU928145.2,5084662,5085942,-,1281,295,26
gene5079,CU928145.2,5085983,5087215,-,1233,17,20
gene5080,CU928145.2,5087682,5088638,+,957,20,95
gene5081,CU928145.2,5088881,5090293,-,1413,15,21
gene5082,CU928145.2,5090731,5091447,+,717,1,147
gene5083,CU928145.2,5091454,5092824,+,1371,2,31
gene5084,CU928145.2,5092871,5093212,-,342,3,7
gene5085,CU928145.2,5093219,5093283,+,65,4,3
gene5086,CU928145.2,5093433,5095169,-,1737,16,307
gene5087,CU928145.2,5095169,5096674,-,1506,2,59
gene5088,CU928145.2,5096705,5099137,-,2433,18,144
gene5089,CU928145.2,5099394,5101067,+,1674,153,3866
gene5090,CU928145.2,5101136,5102092,-,957,9,169
gene5091,CU928145.2,5102103,5102432,-,330,2,164
gene5092,CU928145.2,5102437,5104587,-,2151,19,5818
gene5093,CU928145.2,5104964,5106628,+,1665,7,1412
gene5094,CU928145.2,5106677,5108038,-,1362,8,150
gene5095,CU928145.2,5108253,5109167,-,915,1,94
gene5096,CU928145.2,5109306,5110328,+,1023,42,14
gene5097,CU928145.2,5110469,5112760,-,2292,79,194
gene5098,CU928145.2,5113014,5113508,-,495,7,46
gene5099,CU928145.2,5113557,5114294,-,738,3,20
gene5100,CU928145.2,5114297,5114836,-,540,5,11
gene5101,CU928145.2,5114943,5115431,-,489,0,14
gene5102,CU928145.2,5115407,5116177,-,771,2,78
gene5103,CU928145.2,5116798,5117523,+,726,0,4
gene5104,CU928145.2,5117535,5118158,+,624,9,8
gene5105,CU928145.2,5118196,5118984,-,789,196,36
gene5106,CU928145.2,5119014,5119361,+,348,849,36
gene5107,CU928145.2,5119400,5119486,-,87,82,121
gene5108,CU928145.2,5119521,5119607,-,87,82,249
gene5109,CU928145.2,5119636,5119722,-,87,84,240
gene5110,CU928145.2,5120031,5121062,-,1032,21,64
gene5111,CU928145.2,5121165,5121578,+,414,0,25
gene5112,CU928145.2,5121547,5121993,+,447,25,12
gene5113,CU928145.2,5122008,5122685,+,678,67,32
gene5114,CU928145.2,5122776,5124365,+,1590,11,56
gene5115,CU928145.2,5124758,5125363,+,606,2146,38
gene5116,CU928145.2,5125472,5125651,+,180,882,42
gene5117,CU928145.2,5125773,5126846,+,1074,13,15
gene5118,CU928145.2,5126843,5127625,+,783,2,20
gene5119,CU928145.2,5127855,5128718,-,864,0,19
gene5120,CU928145.2,5128690,5130240,-,1551,105,94
gene5121,CU928145.2,5130498,5131277,+,780,28,145
gene5122,CU928145.2,5131355,5132677,+,1323,101,349
gene5123,CU928145.2,5132729,5133952,+,1224,438,820
gene5124,CU928145.2,5134032,5134751,+,720,197,934
gene5125,CU928145.2,5135026,5135175,-,150,2,7
gene5126,CU928145.2,5135207,5136223,-,1017,5,23
gene5127,CU928145.2,5136251,5136895,-,645,6,16
gene5128,CU928145.2,5137001,5137969,+,969,12,33
gene5129,CU928145.2,5138018,5139400,+,1383,5,42
gene5130,CU928145.2,5139421,5140653,+,1233,164,82
gene5131,CU928145.2,5140960,5142627,-,1668,255,202
gene5132,CU928145.2,5142838,5144775,+,1938,67,67
gene5133,CU928145.2,5144865,5145191,+,327,19,109
gene5134,CU928145.2,5145233,5145745,-,513,12,45
gene5135,CU928145.2,5145797,5146444,+,648,57,35
gene5136,CU928145.2,5146441,5147310,-,870,256,346
gene5137,CU928145.2,5147521,5147994,+,474,7,53
gene5138,CU928145.2,5148007,5148696,+,690,3,26
gene5139,CU928145.2,5148696,5150120,+,1425,22,45
gene5140,CU928145.2,5150178,5151530,+,1353,27,31
gene5141,CU928145.2,5151590,5152306,-,717,1379,2837
gene5142,CU928145.2,5152427,5153578,-,1152,20,213
gene5143,CU928145.2,5153031,5153075,+,45,0,0
gene5144,CU928145.2,5154165,5154851,+,687,5,46
